session,date,month,day,year,title,keywords,kw_1,kw_2,kw_3,kw_4,kw_5,kw_6,kw_7,kw_8,kw_9,kw_10
119.0,"July 29, 2025",7.0,29,2025,PERSPECTIVES ON REAUTHORIZATION OF THE  U.S. GRAIN STANDARDS ACT,agriculture nutrition; forests act; farm bureau; nutrition forestry; USDA; 2025 statements; grain; tribal consultation; american farmers; advance appropriations,agriculture nutrition,forests act,farm bureau,nutrition forestry,USDA,2025 statements,grain,tribal consultation,american farmers,advance appropriations
119.0,"July 23, 2025",7.0,23,2025,NOMINATION OF RICHARD FORDYCE TO BE  UNDER SECRETARY OF AGRICULTURE FOR  FARM PRODUCTION AND CONSERVATION,secretary agriculture; conservation programs; farm bureau; nutrition forestry; hrg 119; washington 2025; nomination; tribal consultation; agriculture nutrition; mr fordyce,secretary agriculture,conservation programs,farm bureau,nutrition forestry,hrg 119,washington 2025,nomination,tribal consultation,agriculture nutrition,mr fordyce
119.0,"July 15, 2025",7.0,15,2025,STAKEHOLDER PERSPECTIVES ON FEDERAL  OVERSIGHT OF DIGITAL COMMODITIES,farm bureau; nutrition forestry; advance appropriations; regulatory; tribal consultation; secretary agriculture; forests act; commodity; conservation programs; stakeholders,farm bureau,nutrition forestry,advance appropriations,regulatory,tribal consultation,secretary agriculture,forests act,commodity,conservation programs,stakeholders
119.0,"June 10, 2025",6.0,10,2025,"NOMINATION OF THE HONORABLE BRIAN  QUINTENZ, TO BE CHAIRMAN AND A COMMIS- SIONER OF THE COMMODITY FUTURES TRAD- ING COMMISSION",secretary agriculture; nutrition forestry; 2025 statements; farm bureau; Natural Gas; advance appropriations; iowa; nomination; tribal consultation; usda,secretary agriculture,nutrition forestry,2025 statements,farm bureau,Natural Gas,advance appropriations,iowa,nomination,tribal consultation,usda
119.0,"June 3, 2025",6.0,3,2025,NOMINATION OF MICHAEL BOREN TO BE UNDER SECRETARY OF AGRICULTURE FOR  NATURAL RESOURCES AND ENVIRONMENT,secretary agriculture; nutrition forestry; farm bureau; 2025 statements; adam schiff; Natural Gas; agriculture nutrition; conservation programs; south dakota; nomination,secretary agriculture,nutrition forestry,farm bureau,2025 statements,adam schiff,Natural Gas,agriculture nutrition,conservation programs,south dakota,nomination
119.0,"May 21, 2025",5.0,21,2025,"NOMINATIONS OF DUDLEY HOSKINS TO BE  UNDER SECRETARY OF AGRICULTURE FOR  MARKETING AND REGULATORY PROGRAMS  AND DR. SCOTT HUTCHINS, TO BE UNDER  SECRETARY OF AGRICULTURE FOR RESEARCH,  EDUCATION, AND ECONOMICS",secretary agriculture; nutrition forestry; hrg 119; farm bureau; 2025 statements; nomination; regulatory; agriculture nutrition; adam schiff; USDA,secretary agriculture,nutrition forestry,hrg 119,farm bureau,2025 statements,nomination,regulatory,agriculture nutrition,adam schiff,USDA
119.0,"May 13, 2025",5.0,13,2025,"PERSPECTIVES FROM THE FIELD,",farm bureau; nutrition forestry; conservation programs; tribal consultation; forests act; secretary agriculture; south dakota; 2025 statements; regulatory; american farmers,farm bureau,nutrition forestry,conservation programs,tribal consultation,forests act,secretary agriculture,south dakota,2025 statements,regulatory,american farmers
119.0,"May 6, 2025",5.0,6,2025,"LEGISLATIVE HEARING TO REVIEW S. 1462, FIX OUR FORESTS ACT",forests act; agriculture nutrition; 2025 statements; iowa; farm bureau; tribal consultation; legislative; nutrition forestry; conservation programs; adam schiff,forests act,agriculture nutrition,2025 statements,iowa,farm bureau,tribal consultation,legislative,nutrition forestry,conservation programs,adam schiff
119.0,"April 29, 2025",4.0,29,2025,NOMINATIONS OF LUKE LINDBERG TO BE UNDER  SECRETARY OF AGRICULTURE FOR TRADE AND  FOREIGN AGRICULTURAL AFFAIRS AND DEVON  WESTHILL TO BE ASSISTANT SECRETARY OF  AGRICULTURE FOR CIVIL RIGHTS,secretary agriculture; nutrition forestry; farm bureau; nomination; south dakota; agriculture nutrition; hrsa; 2025 statements; USDA; tribal leaders,secretary agriculture,nutrition forestry,farm bureau,nomination,south dakota,agriculture nutrition,hrsa,2025 statements,USDA,tribal leaders
119.0,"April 8, 2025",4.0,8,2025,S. HRG. 119-49,secretary agriculture; hrg 119; nutrition forestry; nomination; general counsel; farm bureau; ag; adam schiff; agriculture nutrition; biden administration,secretary agriculture,hrg 119,nutrition forestry,nomination,general counsel,farm bureau,ag,adam schiff,agriculture nutrition,biden administration
119.0,"April 1, 2025",4.0,1,2025,"LEGISLATIVE HEARING TO REVIEW S. 222, THE WHOLE MILK FOR HEALTHY KIDS ACT, AND IMPROVING CHILDREN'S HEALTH",agriculture nutrition; forests act; 2025 statements; health board; farm bureau; tribal consultation; dairy; regulatory; south dakota; funded schools,agriculture nutrition,forests act,2025 statements,health board,farm bureau,tribal consultation,dairy,regulatory,south dakota,funded schools
119.0,"March 11, 2025",3.0,11,2025,"RISK MANAGEMENT, CREDIT, AND RURAL BUSINESS VIEWS ON THE AGRICULTURAL ECONOMY, PART 3",agriculture nutrition; forests act; farm bureau; 2025 statements; crop insurance; american farmers; USDA; nutrition forestry; tribal consultation; advance appropriations,agriculture nutrition,forests act,farm bureau,2025 statements,crop insurance,american farmers,USDA,nutrition forestry,tribal consultation,advance appropriations
119.0,"March 6, 2025",3.0,6,2025,"TO REVIEW H.R. 471, THE FIX OUR FORESTS  ACT, AND OPTIONS TO REDUCE CATA- STROPHIC WILDFIRE",nutrition forestry; forests act; farm bureau; conservation programs; regulatory; tribal consultation; south dakota; Tax Cuts; USDA; Natural Gas,nutrition forestry,forests act,farm bureau,conservation programs,regulatory,tribal consultation,south dakota,Tax Cuts,USDA,Natural Gas
119.0,"February 26, 2025",2.0,26,2025,"FARMER AND RANCHER VIEWS ON THE  AGRICULTURAL ECONOMY, PART 2",agriculture nutrition; farm bureau; american farmers; secretary agriculture; forests act; nutrition forestry; 2025 statements; tribal consultation; crop insurance; USDA,agriculture nutrition,farm bureau,american farmers,secretary agriculture,forests act,nutrition forestry,2025 statements,tribal consultation,crop insurance,USDA
119.0,"February 5, 2025",2.0,5,2025,"FARMER AND RANCHER VIEWS ON THE AGRICULTURAL ECONOMY, PART 1",agriculture nutrition; farm bureau; 2025 statements; USDA; nutrition forestry; american farmers; tribal consultation; advance appropriations; forests act; south dakota,agriculture nutrition,farm bureau,2025 statements,USDA,nutrition forestry,american farmers,tribal consultation,advance appropriations,forests act,south dakota
119.0,"January 23, 2025",1.0,23,2025,NOMINATION OF BROOKE ROLLINS TO BE SECRETARY OF AGRICULTURE,secretary agriculture; nutrition forestry; washington 2025; farm bureau; nomination; agriculture nutrition; tribal consultation; south dakota; hrsa; adam schiff,secretary agriculture,nutrition forestry,washington 2025,farm bureau,nomination,agriculture nutrition,tribal consultation,south dakota,hrsa,adam schiff
119.0,"September 30, 2025",9.0,30,2025,DEFENSE OF THE DEPARTMENT OF DEFENSE  INFORMATION NETWORK,department defense; armed services; adam schiff; pursuant notice; national security; american legion; tribal consultation; pact act; advance appropriations; documented,department defense,armed services,adam schiff,pursuant notice,national security,american legion,tribal consultation,pact act,advance appropriations,documented
119.0,"April 9, 2025",4.0,9,2025,DEPARTMENT OF DEFENSE RESPONSIBILITIES  RELATED TO FOREIGN MILITARY SALES  SYSTEM AND INTERNATIONAL ARMAMENTS  COOPERATION,armed services; department defense; pursuant notice; military sales; american legion; advance appropriations; active duty; joint staff; pact act; national guard,armed services,department defense,pursuant notice,military sales,american legion,advance appropriations,active duty,joint staff,pact act,national guard
119.0,"March 17, 2025",3.0,17,2025,THE STATUS OF MILITARY SERVICE ACADEMIES,armed services; american legion; department veterans; readiness; enrolled; mobilization; national guard; joint staff; active duty; willingness serve,armed services,american legion,department veterans,readiness,enrolled,mobilization,national guard,joint staff,active duty,willingness serve
119.0,"September 24, 2024",9.0,24,2024,THE STATE OF CONVENTIONAL SURFACE  SHIPBUILDING,shipbuilding; armed services; pursuant notice; idaho; coast guard; va employees; advance appropriations; pact act; farm bureau; roger wicker,shipbuilding,armed services,pursuant notice,idaho,coast guard,va employees,advance appropriations,pact act,farm bureau,roger wicker
119.0,na,,na,na,HARNESSING ARTIFICIAL INTELLIGENCE CYBER  CAPABILITIES,national security; ai infrastructure; adam schiff; south dakota; task force; american legion; armed services; cybersecurity; 2025 statements; advance appropriations,national security,ai infrastructure,adam schiff,south dakota,task force,american legion,armed services,cybersecurity,2025 statements,advance appropriations
119.0,"March 11, 2025",3.0,11,2025,STABILIZING THE MILITARY HEALTH SYSTEM TO PREPARE FOR LARGE-SCALE COMBAT OPERATIONS,military health; tribal consultation; armed services; department veterans; 2025 statements; readiness; active duty; health board; south dakota; reauthorization,military health,tribal consultation,armed services,department veterans,2025 statements,readiness,active duty,health board,south dakota,reauthorization
119.0,"March 6, 2025",3.0,6,2025,DEFENSE MOBILIZATION IN THE 21ST CENTURY,armed services; mobilization; american legion; department defense; national guard; 2025 statements; tribal consultation; reauthorization; iowa; constitution,armed services,mobilization,american legion,department defense,national guard,2025 statements,tribal consultation,reauthorization,iowa,constitution
119.0,"January 20, 2025",1.0,20,2025,UNITED STATES NORTHERN COMMAND AND  UNITED STATES SOUTHERN COMMAND,armed services; north dakota; pursuant notice; american legion; national guard; tribal consultation; pact act; executive orders; washington 2025; va employees,armed services,north dakota,pursuant notice,american legion,national guard,tribal consultation,pact act,executive orders,washington 2025,va employees
119.0,"January 16, 2025",1.0,16,2025,NOMINATION OF ERIC SCOTT TURNER,banks; hrg 119; nomination; 2025 statements; filed; advance appropriations; state level; alderman; rick scott; mcconnell,banks,hrg 119,nomination,2025 statements,filed,advance appropriations,state level,alderman,rick scott,mcconnell
119.0,"March 5, 2025",3.0,5,2025,"NOMINATION OF THE HONORABLE DAN BISHOP,  OF NORTH CAROLINA, TO BE  DEPUTY DIRECTOR OF THE OFFICE  OF MANAGEMENT AND BUDGET",executive branch; management budget; 2025 statements; mcconnell; secretary collins; nomination; advance appropriations; deputy director; welch; fiscal year,executive branch,management budget,2025 statements,mcconnell,secretary collins,nomination,advance appropriations,deputy director,welch,fiscal year
119.0,"January 22, 2025",1.0,22,2025,"NOMINATION OF THE HONORABLE RUSSELL T. VOUGHT, OF VIRGINIA, TO BE DIRECTOR OF THE OFFICE OF MANAGEMENT AND BUDGET",nomination; va employees; management budget; secretary collins; 2025 statements; welch; executive branch; director office; advance appropriations; chair ernst,nomination,va employees,management budget,secretary collins,2025 statements,welch,executive branch,director office,advance appropriations,chair ernst
119.0,"June 18, 2025",6.0,18,2025,AMERICA'S RAIL NETWORK,railroads; cruz ranking; science transportation; hrg 119; bureau indian; forward hearing; washington 2025; executive branch; roger wicker; mississippi,railroads,cruz ranking,science transportation,hrg 119,bureau indian,forward hearing,washington 2025,executive branch,roger wicker,mississippi
119.0,"June 17, 2025",6.0,17,2025,"SUBCOMMITTEE ON CONSUMER PROTECTION,  TECHNOLOGY, AND DATA PRIVACY",doping agency; science transportation; cruz ranking; wada; hrg 119; tariffs; south dakota; 2025 statements; roger wicker; tribal consultation,doping agency,science transportation,cruz ranking,wada,hrg 119,tariffs,south dakota,2025 statements,roger wicker,tribal consultation
119.0,"June 12, 2025",6.0,12,2025,CONFLICTS OVER OCEAN RESOURCES,north dakota; roger wicker; science transportation; tariffs; fisheries; hrg 119; tribal consultation; 2025 statements; cruz ranking; mississippi,north dakota,roger wicker,science transportation,tariffs,fisheries,hrg 119,tribal consultation,2025 statements,cruz ranking,mississippi
119.0,"May 15, 2025",5.0,15,2025,ENSURING THE SAFE AND EFFICIENT MOVEMENT OF AMERICAN ENERGY,pipeline safety; science transportation; hrg 119; executive branch; american farmers; Natural Gas; railroads; forward hearing; state level; south dakota,pipeline safety,science transportation,hrg 119,executive branch,american farmers,Natural Gas,railroads,forward hearing,state level,south dakota
119.0,"May 8, 2025",5.0,8,2025,CAPABILITIES IN COMPUTING AND INNOVATION,science transportation; cruz ranking; iowa; 2025 statements; roger wicker; intelligence community; hrg 119; bureau indian; conducted; tariffs,science transportation,cruz ranking,iowa,2025 statements,roger wicker,intelligence community,hrg 119,bureau indian,conducted,tariffs
119.0,"May 6, 2025",5.0,6,2025,FOR SPORTS FANS,cruz ranking; science transportation; iowa; roger wicker; hrg 119; legislative; mcconnell; conference; stations; forward hearing,cruz ranking,science transportation,iowa,roger wicker,hrg 119,legislative,mcconnell,conference,stations,forward hearing
119.0,"April 10, 2025",4.0,10,2025,BEFORE THE,clock; cruz ranking; legislative; 2025 statements; hiring freeze; roger wicker; north dakota; science transportation; mcconnell; forward hearing,clock,cruz ranking,legislative,2025 statements,hiring freeze,roger wicker,north dakota,science transportation,mcconnell,forward hearing
119.0,"April 2, 2025",4.0,2,2025,AS A GREAT AMERICAN MANUFACTURER,boeing; cruz ranking; science transportation; farm bureau; hrg 119; safety quality; legislative; idaho; chair ernst; tariffs,boeing,cruz ranking,science transportation,farm bureau,hrg 119,safety quality,legislative,idaho,chair ernst,tariffs
119.0,"March 27, 2025",3.0,27,2025,THE DCA MIDAIR COLLISION,science transportation; chair ernst; south dakota; cruz ranking; 2025 statements; faa; forward hearing; hrg 119; impacts; conducted,science transportation,chair ernst,south dakota,cruz ranking,2025 statements,faa,forward hearing,hrg 119,impacts,conducted
119.0,"February 27, 2025",2.0,27,2025,EXAMINING THE COSTLY THREAT TO CONSUMERS AND THE U.S. SUPPLY CHAIN,cargo theft; hrg 119; commerce science; farm bureau; tariffs; great state; freight rail; cruz ranking; 2025 statements; nineteenth,cargo theft,hrg 119,commerce science,farm bureau,tariffs,great state,freight rail,cruz ranking,2025 statements,nineteenth
119.0,"February 26, 2025",2.0,26,2025,A VIEW FROM THE FRONT LINES,drug trafficking; smuggling; cruz ranking; trafficking; traffickers; farm bureau; new mexico; science transportation; substance abuse; cbp,drug trafficking,smuggling,cruz ranking,trafficking,traffickers,farm bureau,new mexico,science transportation,substance abuse,cbp
119.0,"February 19, 2025",2.0,19,2025,HOW SPECTRUM AUCTION DELAYS GIVE CHINA  THE EDGE AND COST US JOBS,tariffs; hiring freeze; cruz ranking; south dakota; delays; science transportation; clerk; aarp; american worker; usdot,tariffs,hiring freeze,cruz ranking,south dakota,delays,science transportation,clerk,aarp,american worker,usdot
119.0,"February 12, 2025",2.0,12,2025,LOOKING AT THE ARCTIC AND GREENLAND'S GEOSTRATEGIC IMPORTANCE TO U.S.  INTERESTS,indian alaska; science transportation; tariffs; mcconnell; hrg 119; north dakota; 2025 statements; usdot; Natural Gas; navajo nation,indian alaska,science transportation,tariffs,mcconnell,hrg 119,north dakota,2025 statements,usdot,Natural Gas,navajo nation
119.0,"January 28, 2025",1.0,28,2025,EXAMINING THE PANAMA CANAL AND ITS  IMPACT ON U.S. TRADE AND NATIONAL SECURITY,panama canal; tariffs; science transportation; cruz ranking; executive branch; usda; mississippi; advance appropriations; hrg 119; tribal governments,panama canal,tariffs,science transportation,cruz ranking,executive branch,usda,mississippi,advance appropriations,hrg 119,tribal governments
119.0,na,,na,na,IMPROVING THE FEDERAL ENVIRONMENT REVIEW  AND PERMITTING PROCESS,executive branch; tribal consultation; environmental; 2025 statements; farm bureau; roger wicker; assessments; forests act; west virginia; forward hearing,executive branch,tribal consultation,environmental,2025 statements,farm bureau,roger wicker,assessments,forests act,west virginia,forward hearing
119.0,"July 23, 2024",7.0,23,2024,TRANSATLANTIC SECURITY COOPERATION,nato; 2025 statements; hrg 119; tribal consultation; mcconnell; southern border; usda; executive order; homeland security; treaty obligations,nato,2025 statements,hrg 119,tribal consultation,mcconnell,southern border,usda,executive order,homeland security,treaty obligations
119.0,"December 18, 2002",,18,2002,ADVANCING AMERICAN INTERESTS IN THE WESTERN HEMISPHERE,indian affairs; western hemisphere; 2025 statements; foreign assistance; mcconnell; executive order; usdot; biden administration; state level; treaty obligations,indian affairs,western hemisphere,2025 statements,foreign assistance,mcconnell,executive order,usdot,biden administration,state level,treaty obligations
119.0,"February 13, 2025",2.0,13,2025,BEFORE THE,syria; pursuant notice; 2025 statements; tribal consultation; mcconnell; biden administration; foreign assistance; executive order; va employees; state level,syria,pursuant notice,2025 statements,tribal consultation,mcconnell,biden administration,foreign assistance,executive order,va employees,state level
119.0,"January 21, 2025",1.0,21,2025,THE MALIGN INFLUENCE OF THE PEOPLE'S,foreign policy; navajo nation; mcconnell; malign influence; republic china; secretary indian; executive branch; state level; washington 2025; partisan,foreign policy,navajo nation,mcconnell,malign influence,republic china,secretary indian,executive branch,state level,washington 2025,partisan
119.0,"May 27, 1956",5.0,27,1956,THE NOMINATION OF HON. MARCO RUBIO TO BE U.S. SECRETARY OF STATE,cruz; forward hearing; assistant secretary; rosen thank; appointment; sec; rubio; president biden; diplomatic; proposals,cruz,forward hearing,assistant secretary,rosen thank,appointment,sec,rubio,president biden,diplomatic,proposals
119.0,"February 19, 2025",2.0,19,2025,NOMINATION OF LORI M. CHAVEZ-DEREMER TO SERVE AS SECRETARY OF LABOR,secretary agriculture; health board; chavez deremer; hrsa; va employees; nomination; tenure; Tax Cuts; aarp; mcconnell,secretary agriculture,health board,chavez deremer,hrsa,va employees,nomination,tenure,Tax Cuts,aarp,mcconnell
119.0,"October 8, 2019",10.0,8,2019,"NOMINATION OF ROBERT F. KENNEDY, JR. TO SERVE AS SECRETARY OF HEALTH AND HUMAN SERVICES",kennedy; health board; hrsa; secretary agriculture; department veterans; 2025 statements; aarp; human services; tenure; medicaid,kennedy,health board,hrsa,secretary agriculture,department veterans,2025 statements,aarp,human services,tenure,medicaid
119.0,"September 11, 2001",9.0,11,2001,"NOMINATION OF HON. SEAN CAIRNCROSS, ROBERT LAW, JAMES PERCIVAL, KEVIN RHODES, AND JAMES WOODRUFF II",homeland security; secretary collins; nomination; bureau indian; 2025 statements; secretary rollins; secretary defense; www govinfo; sec; executive branch,homeland security,secretary collins,nomination,bureau indian,2025 statements,secretary rollins,secretary defense,www govinfo,sec,executive branch
119.0,"September 11, 2001",9.0,11,2001,THE DEPARTMENT OF HOMELAND SECURITY'S BUDGET REQUEST FOR FISCAL YEAR 2026,homeland security; 2025 statements; advance appropriations; www govinfo; fiscal year; deputy secretary; department homeland; executive branch; aarp; fed,homeland security,2025 statements,advance appropriations,www govinfo,fiscal year,deputy secretary,department homeland,executive branch,aarp,fed
119.0,"September 11, 2001",9.0,11,2001,NOMINATION OF SCOTT KUPOR AND ERIC M. UELAND,homeland security; scott ranking; deputy secretary; hrsa; nomination; 2025 statements; executive branch; doping agency; sec; task force,homeland security,scott ranking,deputy secretary,hrsa,nomination,2025 statements,executive branch,doping agency,sec,task force
119.0,na,,na,na,NOMINATION OF HON. TROY EDGAR AND DAN BISHOP,homeland security; hrg 119; deputy secretary; 2025 statements; sec; nomination; secretary rollins; www govinfo; bureau indian; executive branch,homeland security,hrg 119,deputy secretary,2025 statements,sec,nomination,secretary rollins,www govinfo,bureau indian,executive branch
119.0,"September 
11, 2001",9.0,11,2001,ELIMINATING WASTE BY THE FOREIGN AID  BUREAUCRACY,homeland security; advance appropriations; foreign assistance; 2025 statements; gov __________; waste fraud; doping agency; mitigation; mcconnell; americans act,homeland security,advance appropriations,foreign assistance,2025 statements,gov __________,waste fraud,doping agency,mitigation,mcconnell,americans act
119.0,"January 17, 2025",1.0,17,2025,NOMINATION OF HON. KRISTI NOEM,homeland security; secretary rollins; hrg 119; 2025 statements; nomination; secretary indian; sec; department homeland; minority staff; new administration,homeland security,secretary rollins,hrg 119,2025 statements,nomination,secretary indian,sec,department homeland,minority staff,new administration
119.0,"September 11, 2001",9.0,11,2001,REMAIN IN MEXICO,homeland security; remain mexico; tribal consultation; 2025 statements; hrg 119; department homeland; chair ernst; southern border; minority staff; forward hearing,homeland security,remain mexico,tribal consultation,2025 statements,hrg 119,department homeland,chair ernst,southern border,minority staff,forward hearing
119.0,"January 15, 2025",1.0,15,2025,NOMINATION OF HON. RUSSELL VOUGHT,homeland security; hrg 119; 2025 statements; nomination; secretary rollins; minority staff; executive branch; state level; www govinfo; sec,homeland security,hrg 119,2025 statements,nomination,secretary rollins,minority staff,executive branch,state level,www govinfo,sec
119.0,"July 17, 2025",7.0,17,2025,"INDIAN AFFAIRS, DEPARTMENT OF THE INTERIOR",secretary indian; tribal consultation; bureau indian; indian affairs; dakota; forward hearing; minority staff; department justice; chair ernst; 2025 statements,secretary indian,tribal consultation,bureau indian,indian affairs,dakota,forward hearing,minority staff,department justice,chair ernst,2025 statements
119.0,"May 14, 2025",5.0,14,2025,DELIVERING ESSENTIAL PUBLIC HEALTH AND,bureau indian; tribal consultation; indian health; indians alaska; indian affairs; navajo; hrg 119; minority staff; gov __________; department health,bureau indian,tribal consultation,indian health,indians alaska,indian affairs,navajo,hrg 119,minority staff,gov __________,department health
119.0,"April 2, 2025",4.0,2,2025,FEDERAL PROGRAMS AT THE U.S.  DEPARTMENT OF EDUCATION,native education; bureau indian; tribal consultation; navajo nation; american indian; indian affairs; minority staff; indian students; holding hearing; south dakota,native education,bureau indian,tribal consultation,navajo nation,american indian,indian affairs,minority staff,indian students,holding hearing,south dakota
119.0,"February 12, 2025",2.0,12,2025,EXAMINING NATIVE COMMUNITIES' PRIORITIES,tribal consultation; bureau indian; indians alaska; indian tribes; indian affairs; important hearing; hrg 119; 2025 statements; tribal governments; navajo,tribal consultation,bureau indian,indians alaska,indian tribes,indian affairs,important hearing,hrg 119,2025 statements,tribal governments,navajo
119.0,"July 21, 2020",7.0,21,2020,NOMINATION OF JOHN L. RATCLIFFE TO BE DIRECTOR OF THE CENTRAL INTELLIGENCE AGENCY,intelligence community; appointed; farm bureau; 2025 statements; cia; mcconnell; hrg 119; advance appropriations; important hearing; filed,intelligence community,appointed,farm bureau,2025 statements,cia,mcconnell,hrg 119,advance appropriations,important hearing,filed
119.0,"May 14, 2025",5.0,14,2025,FINANCING AMERICA'S MANUFACTURING AND INDUSTRIAL BOOM,entrepreneurship; mcconnell; american farmers; advance appropriations; executive branch; hiring freeze; Tax Cuts; idaho; nineteenth; commerce science,entrepreneurship,mcconnell,american farmers,advance appropriations,executive branch,hiring freeze,Tax Cuts,idaho,nineteenth,commerce science
119.0,na,,na,na,SMALL BUSINESSES POWERING THE CLEAN  ENERGY ECONOMY,entrepreneurship; mcconnell; farm bureau; minority staff; small businesses; clean energy; executive branch; Tax Cuts; commerce science; idaho,entrepreneurship,mcconnell,farm bureau,minority staff,small businesses,clean energy,executive branch,Tax Cuts,commerce science,idaho
119.0,na,,na,na,JOINT HEARING,small businesses; taxes; pa; roger wicker; farm bureau; low income; executive branch; Tax Cuts; printed; advance appropriations,small businesses,taxes,pa,roger wicker,farm bureau,low income,executive branch,Tax Cuts,printed,advance appropriations
119.0,na,,na,na,NOMINATIONS OF WILLIAM BRIGGS TO BE DEPUTY ADMINISTRATOR OF THE SMALL BUSINESS ADMINISTRATION AND DR. CASEY MULLIGAN TO BE CHIEF COUNSEL FOR ADVOCACY AT THE SMALL BUSINESS ADMINISTRATION,business entrepreneurship; chair ernst; farm bureau; cruz ranking; minority staff; briggs; little; adam schiff; small businesses; idaho,business entrepreneurship,chair ernst,farm bureau,cruz ranking,minority staff,briggs,little,adam schiff,small businesses,idaho
119.0,"March 7, 2025",3.0,7,2025,REFORMING SBIR-STTR FOR THE 21ST CENTURY,entrepreneurship; nineteenth; chair ernst; commerce science; american farmers; developments; founding; intelligence community; bie funded; minority staff,entrepreneurship,nineteenth,chair ernst,commerce science,american farmers,developments,founding,intelligence community,bie funded,minority staff
119.0,"April 24, 2024",4.0,24,2024,MANAGING RISK FOR THE LONG-TERM,lending; business entrepreneurship; chair ernst; farm bureau; 2025 statements; advance appropriations; new hampshire; access capital; regulatory; minority staff,lending,business entrepreneurship,chair ernst,farm bureau,2025 statements,advance appropriations,new hampshire,access capital,regulatory,minority staff
119.0,na,,na,na,NOMINATION OF THE HONORABLE KELLY LOEFFLER TO BE ADMINISTRATOR OF THE SMALL BUSINESS ASSOCIATION,nomination; small businesses; secretary agriculture; executive; loeffler; chair ernst; kelly; mcconnell; printed; attorney general,nomination,small businesses,secretary agriculture,executive,loeffler,chair ernst,kelly,mcconnell,printed,attorney general
119.0,"January 21, 2025",1.0,21,2025,NOMINATION OF THE HONORABLE KELLY LOEFFLER TO BE ADMINISTRATOR OF THE SMALL BUSINESS ASSOCIATION,business entrepreneurship; chair ernst; farm bureau; cruz ranking; little; minority staff; commission; commerce science; adam schiff; mcconnell,business entrepreneurship,chair ernst,farm bureau,cruz ranking,little,minority staff,commission,commerce science,adam schiff,mcconnell
119.0,"July 30, 2025",7.0,30,2025,COMBATING ELDER ABUSE AND NEGLECT,older americans; mcconnell; tribal consultation; Veterans Affairs; executive order; hrg 119; important hearing; senior centers; chair ernst; documented,older americans,mcconnell,tribal consultation,Veterans Affairs,executive order,hrg 119,important hearing,senior centers,chair ernst,documented
119.0,"June 4, 2025",6.0,4,2025,AMERICA'S VANISHING FAMILY FARMS,farm bureau; older americans; rick scott; executive branch; mcconnell; community care; hiring freeze; senior centers; 2025 statements; tenure,farm bureau,older americans,rick scott,executive branch,mcconnell,community care,hiring freeze,senior centers,2025 statements,tenure
119.0,"May 14, 2025",5.0,14,2025,UNIQUE CHALLENGES FACING OLDER AMERICANS,older americans; mcconnell; veterans crisis; gov __________; tribal consultation; health board; 2025 statements; ricketts; important hearing; chair ernst,older americans,mcconnell,veterans crisis,gov __________,tribal consultation,health board,2025 statements,ricketts,important hearing,chair ernst
119.0,"April 30, 2025",4.0,30,2025,RISE OF ANTISEMITISM AND SUPPORTING OLDER AMERICANS,older americans; executive branch; antisemitism; tribal consultation; roger wicker; american legion; 2025 statements; mcconnell; letter support; minority staff,older americans,executive branch,antisemitism,tribal consultation,roger wicker,american legion,2025 statements,mcconnell,letter support,minority staff
119.0,"April 9, 2025",4.0,9,2025,CHINESE COMMUNIST PARTY EXPLOITS AMERICAN RETIREES AND UNDERMINES NATIONAL SECURITY,chinese government; mcconnell; hrg 119; social security; older americans; 2025 statements; executive branch; aarp; dr hutchins; communist party,chinese government,mcconnell,hrg 119,social security,older americans,2025 statements,executive branch,aarp,dr hutchins,communist party
119.0,"March 12, 2025",3.0,12,2025,BREAKING THE CYCLE OF SENIOR,seniors; rick scott; tribal consultation; community care; mcconnell; letter support; circadian; mobilization; disability; minority staff,seniors,rick scott,tribal consultation,community care,mcconnell,letter support,circadian,mobilization,disability,minority staff
119.0,"February 26, 2025",2.0,26,2025,COMBATING THE OPIOID EPIDEMIC,opioid epidemic; mcconnell; seniors; health board; aarp; ricketts; doping agency; letter dated; medicaid; 2025 statements,opioid epidemic,mcconnell,seniors,health board,aarp,ricketts,doping agency,letter dated,medicaid,2025 statements
119.0,"February 12, 2025",2.0,12,2025,FROM RESEARCH TO ACTION,aging; mcconnell; 2025 statements; tribal consultation; health board; executive branch; senior centers; rick scott; tenure; important hearing,aging,mcconnell,2025 statements,tribal consultation,health board,executive branch,senior centers,rick scott,tenure,important hearing
119.0,"January 29, 2025",1.0,29,2025,MAKING WASHINGTON WORK FOR,seniors; washington 2025; gov __________; mcconnell; Veterans Affairs; hrsa; fiscal year; medicare; advance appropriations; pdf,seniors,washington 2025,gov __________,mcconnell,Veterans Affairs,hrsa,fiscal year,medicare,advance appropriations,pdf
119.0,"January 15, 2025",1.0,15,2025,SETTING A STANDARD FOR THE AMERICAN DREAM,seniors; wellness; important hearing; mcconnell; access care; tribal consultation; 2025 statements; aarp; health board; executive order,seniors,wellness,important hearing,mcconnell,access care,tribal consultation,2025 statements,aarp,health board,executive order
119.0,"June 25, 2025",6.0,25,2025,CORRECTING MISMANAGEMENT OF THE VETERANS CRISIS LINE,Veterans Affairs; adam schiff; 2025 statements; veterans crisis; va employees; tribal consultation; idaho; pursuant notice; filed; minority staff,Veterans Affairs,adam schiff,2025 statements,veterans crisis,va employees,tribal consultation,idaho,pursuant notice,filed,minority staff
119.0,"June 4, 2025",6.0,4,2025,HEARING TO CONSIDER PENDING NOMINATIONS,Veterans Affairs; nominees; forward hearing; washington 2025; tribal consultation; mcconnell; appointment; deputy secretary; wada; waiver,Veterans Affairs,nominees,forward hearing,washington 2025,tribal consultation,mcconnell,appointment,deputy secretary,wada,waiver
119.0,"April 1, 2025",4.0,1,2025,HEARING TO CONSIDER PENDING NOMINATIONS,Veterans Affairs; nominees; forward hearing; washington 2025; tribal consultation; mcconnell; wada; appointment; deputy secretary; waiver,Veterans Affairs,nominees,forward hearing,washington 2025,tribal consultation,mcconnell,wada,appointment,deputy secretary,waiver
119.0,"March 4, 2025",3.0,4,2025,"LEGISLATIVE PRESENTATION OF THE VETERANS  OF FOREIGN WARS OF THE UNITED STATES AND  IRAQ AND AFGHANISTAN VETERANS OF AMERICA, STUDENT VETERANS OF AMERICA, TRAGEDY  ASSISTANCE PROGRAM FOR SURVIVORS,  THE ELIZABETH DOLE FOUNDATION, AND NATIONAL  COALITION FOR HOMELESS VETERANS",Veterans Affairs; department veterans; veterans crisis; reauthorization; tribal consultation; hrg 119; advance appropriations; filed; care veterans; chair ernst,Veterans Affairs,department veterans,veterans crisis,reauthorization,tribal consultation,hrg 119,advance appropriations,filed,care veterans,chair ernst
119.0,"February 26, 2025",2.0,26,2025,LEGISLATIVE PRESENTATION OF THE AMERICAN,Veterans Affairs; american legion; department veterans; 2025 statements; tribal consultation; legislative; filed; pursuant notice; chair ernst; minority staff,Veterans Affairs,american legion,department veterans,2025 statements,tribal consultation,legislative,filed,pursuant notice,chair ernst,minority staff
119.0,"February 25, 2025",2.0,25,2025,LEGISLATIVE PRESENTATION OF,Veterans Affairs; disability; hrg 119; department veterans; reauthorization; letter support; tribal consultation; mcconnell; aarp; va employees,Veterans Affairs,disability,hrg 119,department veterans,reauthorization,letter support,tribal consultation,mcconnell,aarp,va employees
119.0,"February 19, 2025",2.0,19,2025,NOMINATION OF THE HONORABLE PAUL LAWRENCE TO BE DEPUTY SECRETARY OF VETERANS AFFAIRS,Veterans Affairs; deputy secretary; hrg 119; nomination; honorable; tribal consultation; clark; letter support; va employees; member cantwell,Veterans Affairs,deputy secretary,hrg 119,nomination,honorable,tribal consultation,clark,letter support,va employees,member cantwell
119.0,"January 28, 2025",1.0,28,2025,EXAMINING VA'S COMMUNITY CARE PROGRAM,Veterans Affairs; va employees; tribal consultation; care veterans; department veterans; reauthorization; idaho; health board; veterans crisis; partisan,Veterans Affairs,va employees,tribal consultation,care veterans,department veterans,reauthorization,idaho,health board,veterans crisis,partisan
119.0,"January 21, 2025",1.0,21,2025,NOMINATION OF THE HONORABLE DOUGLAS A. COLLINS TO BE SECRETARY OF VETERANS AFFAIRS,Veterans Affairs; secretary collins; hrsa; nomination; honorable; tribal consultation; minority staff; vice chair; letter support; va employees,Veterans Affairs,secretary collins,hrsa,nomination,honorable,tribal consultation,minority staff,vice chair,letter support,va employees
118.0,"September 18, 2024",9.0,18,2024,KEEPING KIDS LEARNING IN THE NATIONAL SCHOOL LUNCH PROGRAM AND SCHOOL BREAKFAST PROGRAM,USDA; nutrition; enrollment; food security; Tax Cuts; FDA; iowa; rural health; public policy; assessments,USDA,nutrition,enrollment,food security,Tax Cuts,FDA,iowa,rural health,public policy,assessments
118.0,"July 10, 2024",7.0,10,2024,OVERSIGHT OF DIGITAL COMMODITIES,USDA; regulatory; tribal lands; nutrition; EPA; Tax Cuts; commodities; settlement act; forest service; fed,USDA,regulatory,tribal lands,nutrition,EPA,Tax Cuts,commodities,settlement act,forest service,fed
118.0,"July 10, 2024",7.0,10,2024,RESILIENCE,USDA; rural health; iowa; additional funding; nutrition; renewable energy; tribal lands; farms; EPA; responses written,USDA,rural health,iowa,additional funding,nutrition,renewable energy,tribal lands,farms,EPA,responses written
118.0,"June 26, 2024",6.0,26,2024,DROUGHT WITH INNOVATION,USDA; drought; tribal lands; additional funding; EPA; durbin thank; nutrition; powell; iowa; forestry,USDA,drought,tribal lands,additional funding,EPA,durbin thank,nutrition,powell,iowa,forestry
118.0,"June 4, 2024",6.0,4,2024,NEXT GENERATION OF FARMERS,USDA; nutrition; regulatory; tribal lands; farms; food security; Tax Cuts; forestry; crop insurance; additional funding,USDA,nutrition,regulatory,tribal lands,farms,food security,Tax Cuts,forestry,crop insurance,additional funding
118.0,na,,na,na,S.HRG. 118-407,USDA; legislation; nutrition; www govinfo; mr powell; FDA; forestry; food security; agricultural; reservations,USDA,legislation,nutrition,www govinfo,mr powell,FDA,forestry,food security,agricultural,reservations
118.0,"November 30, 2023",11.0,30,2023,NOMINATION OF BASIL IVANHOE GOODEN TO BE UNDER SECRETARY OF AGRICULTURE FOR RURAL DEVELOPMENT AND THE HONORABLE SUMMER K. MERSINGER TO BE A COMMISSIONER OF THE COMMODITY FUTURES TRADING COMMISSION,USDA; trade commission; EPA; secretary kendall; nutrition; tribal lands; nomination; Tax Cuts; hrsa; usda,USDA,trade commission,EPA,secretary kendall,nutrition,tribal lands,nomination,Tax Cuts,hrsa,usda
118.0,"November 14, 2023",11.0,14,2023,LEVERAGING TECHNOLOGY AND ARTIFICIAL INTELLIGENCE,USDA; nutrition; innovations; FDA; farms; food security; subsidies; executive branch; south dakota; crop insurance,USDA,nutrition,innovations,FDA,farms,food security,subsidies,executive branch,south dakota,crop insurance
118.0,"September 27, 2023",9.0,27,2023,FOREIGN OWNERSHIP IN U.S. AGRICULTURE,USDA; regulatory; nutrition; tribal lands; forestry; crop insurance; food security; farmers; south dakota; additional funding,USDA,regulatory,nutrition,tribal lands,forestry,crop insurance,food security,farmers,south dakota,additional funding
118.0,"July 19, 2023",7.0,19,2023,COMMUNITY WATER SYSTEMS,water resources; USDA; tribal communities; south dakota; EPA; creek; irrigation; rural health; deforestation; indian water,water resources,USDA,tribal communities,south dakota,EPA,creek,irrigation,rural health,deforestation,indian water
118.0,"June 7, 2023",6.0,7,2023,WORKS FOR SPECIALTY CORP PRODUCERS,USDA; nutrition; regulatory; farms; food security; Health Plans; crop insurance; south dakota; crops; tax code,USDA,nutrition,regulatory,farms,food security,Health Plans,crop insurance,south dakota,crops,tax code
118.0,"May 17, 2023",5.0,17,2023,COMMUNITIES TO THE DIGITAL ECONOMY,USDA; rural america; regulatory; nutrition; Tax Cuts; valley bank; iowa; additional funding; renewable energy; farms,USDA,rural america,regulatory,nutrition,Tax Cuts,valley bank,iowa,additional funding,renewable energy,farms
118.0,"May 10, 2023",5.0,10,2023,BEFORE THE,USDA; nomination; nutrition; regulatory; navajo nation; forestry; Tax Cuts; enrolled; reservations; mr powell,USDA,nomination,nutrition,regulatory,navajo nation,forestry,Tax Cuts,enrolled,reservations,mr powell
118.0,"May 4, 2023",5.0,4,2023,"COMMODITY PROGRAMS, CREDIT, AND CROP",USDA; regulatory; crop insurance; nutrition; tribal lands; EPA; commodities; food security; tax credit; settlement act,USDA,regulatory,crop insurance,nutrition,tribal lands,EPA,commodities,food security,tax credit,settlement act
118.0,"May 2, 2023",5.0,2,2023,"COMMODITY PROGRAMS, CREDIT, AND CROP IN-",USDA; nutrition; EPA; food security; crop insurance; commodities; tribal lands; farms; additional funding; crops,USDA,nutrition,EPA,food security,crop insurance,commodities,tribal lands,farms,additional funding,crops
118.0,"April 20, 2023",4.0,20,2023,CONSERVATION PROGRAMS WORK FOR FARMERS AND RANCHERS,USDA; conservation; tribal lands; EPA; additional funding; forestry; farms; food security; crop insurance; march 2023,USDA,conservation,tribal lands,EPA,additional funding,forestry,farms,food security,crop insurance,march 2023
118.0,"April 19, 2023",4.0,19,2023,SNAP AND OTHER NUTRITION ASSISTANCE IN THE FARM BILL,USDA; nutrition; food security; Health Plans; additional funding; crop insurance; FDA; navajo nation; enrolled; farmers ranchers,USDA,nutrition,food security,Health Plans,additional funding,crop insurance,FDA,navajo nation,enrolled,farmers ranchers
118.0,"March 30, 2023",3.0,30,2023,S. HRG. 118-127,forestry; USDA; documentation; mr powell; amendments; forest service; nutrition; natural resources; executive branch; durbin thank,forestry,USDA,documentation,mr powell,amendments,forest service,nutrition,natural resources,executive branch,durbin thank
118.0,"March 16, 2023",3.0,16,2023,OVERSIGHT OF THE U.S. DEPARTMENT OF AGRICULTURE,USDA; regulatory; nutrition; tribal lands; food security; forestry; Tax Cuts; crop insurance; mr powell; hrsa,USDA,regulatory,nutrition,tribal lands,food security,forestry,Tax Cuts,crop insurance,mr powell,hrsa
118.0,"March 8, 2023",3.0,8,2023,OVERSIGHT OF THE COMMODITY FUTURES TRADING COMMISSION,USDA; trade commission; EPA; commodities; Tax Cuts; tribal lands; 2024; fed; tariffs; settlement act,USDA,trade commission,EPA,commodities,Tax Cuts,tribal lands,2024,fed,tariffs,settlement act
118.0,"March 1, 2023",3.0,1,2023,FORESTRY PROGRAMS,USDA; deforestation; march 2023; south dakota; regulatory; nutrition; farms; Tax Cuts; navajo nation; crop insurance,USDA,deforestation,march 2023,south dakota,regulatory,nutrition,farms,Tax Cuts,navajo nation,crop insurance
118.0,"February 16, 2023",2.0,16,2023,BEFORE THE,USDA; nutrition; march 2023; Tax Cuts; food security; Health Plans; regulatory; farms; south dakota; crop insurance,USDA,nutrition,march 2023,Tax Cuts,food security,Health Plans,regulatory,farms,south dakota,crop insurance
118.0,"February 9, 2023",2.0,9,2023,BEFORE THE,USDA; nutrition; Tax Cuts; crop insurance; farms; march 2023; EPA; south dakota; food security; deforestation,USDA,nutrition,Tax Cuts,crop insurance,farms,march 2023,EPA,south dakota,food security,deforestation
118.0,"February 1, 2023",2.0,1,2023,BEFORE THE,USDA; nutrition; farms; march 2023; south dakota; regulatory; Tax Cuts; deforestation; food security; crop insurance,USDA,nutrition,farms,march 2023,south dakota,regulatory,Tax Cuts,deforestation,food security,crop insurance
118.0,"March 18, 2022",3.0,18,2022,WORLDWIDE THREATS,armed services; defense authorization; idaho; amendment; national guard; CDC; draft; pact act; secretary yellen; threats,armed services,defense authorization,idaho,amendment,national guard,CDC,draft,pact act,secretary yellen,threats
118.0,"July 7, 2021",7.0,7,2021,THE CURRENT READINESS OF THE JOINT FORCE,armed services; readiness; pursuant notice; Veterans Affairs; holding hearing; joint force; pact act; national guard; draft; task force,armed services,readiness,pursuant notice,Veterans Affairs,holding hearing,joint force,pact act,national guard,draft,task force
118.0,"March 6, 2019",3.0,6,2019,"THE DEPARTMENT OF DEFENSE'S EFFORTS TO ENSURE SERVICEMEMBERS' ACCESS TO  SAFE, HIGH-QUALITY PHARMACEUTICALS",armed services; defense authorization; FDA; south dakota; met pursuant; Veterans Affairs; readiness; reed thank; department defense; national guard,armed services,defense authorization,FDA,south dakota,met pursuant,Veterans Affairs,readiness,reed thank,department defense,national guard
118.0,"May 12, 2016",5.0,12,2016,UPDATE OF THE STATE OF THE DEPARTMENT  OF DEFENSE ACQUISITION SYSTEM,armed services; defense authorization; acquisitions; arkansas; readiness; department defense; issued; draft; pact act; Veterans Affairs,armed services,defense authorization,acquisitions,arkansas,readiness,department defense,issued,draft,pact act,Veterans Affairs
118.0,na,,na,na,"THE FINAL REPORT OF THE PLANNING,  PROGRAMMING, BUDGETING, AND EXECUTION  REFORM COMMISSION",armed services; pursuant notice; president's budget; idaho; draft; constitution; Veterans Affairs; defense authorization; executive order; hrg 118,armed services,pursuant notice,president's budget,idaho,draft,constitution,Veterans Affairs,defense authorization,executive order,hrg 118
118.0,"March 12, 2024",3.0,12,2024,GLOBAL SECURITY CHALLENGES AND UNITED STATES STRATEGY,armed services; defense authorization; national guard; draft; constitution; Veterans Affairs; idaho; secretary yellen; executive order; task force,armed services,defense authorization,national guard,draft,constitution,Veterans Affairs,idaho,secretary yellen,executive order,task force
118.0,"February 28, 2024",2.0,28,2024,EVOLVING WORKFORCE DYNAMICS AND THE  CHALLENGES FOR DEFENSE ACQUISITION AND  DEFENSE INDUSTRIAL BASE,armed services; workforce development; draft; defense authorization; south dakota; recruiters; task force; met pursuant; active duty; Veterans Affairs,armed services,workforce development,draft,defense authorization,south dakota,recruiters,task force,met pursuant,active duty,Veterans Affairs
118.0,"February 28, 2024",2.0,28,2024,TRAUMATIC BRAIN INJURY AND BLAST EXPOSURE CARE,Veterans Affairs; health safety; defense authorization; trauma; armed services; idaho; forward hearing; md; disability; pursuant notice,Veterans Affairs,health safety,defense authorization,trauma,armed services,idaho,forward hearing,md,disability,pursuant notice
118.0,"December 6, 2023",,6,2023,THE STATUS OF DEPARTMENT OF DEFENSE RECRUITING EFFORTS AND PLANS FOR FISCAL  YEAR 2024,department defense; armed services; draft; national guard; Veterans Affairs; defense authorization; recruitment; south dakota; president's budget; reed thank,department defense,armed services,draft,national guard,Veterans Affairs,defense authorization,recruitment,south dakota,president's budget,reed thank
118.0,"October 19, 2023",10.0,19,2023,THE FINDINGS OF THE CONGRESSIONAL COMMISSION ON THE STRATEGIC POSTURE  OF THE UNITED STATES,armed services; pursuant notice; pact act; partisan; draft; constitution; defense authorization; holding hearing; Veterans Affairs; general berger,armed services,pursuant notice,pact act,partisan,draft,constitution,defense authorization,holding hearing,Veterans Affairs,general berger
118.0,"July 26, 2024",7.0,26,2024,POTENTIAL BUDGETARY EFFICIENCIES ACHIEVED  THROUGH IMPROVEMENT TO MANAGEMENT  AND PLANNING PROCESSES WITHIN DEPART- MENT OF DEFENSE PERSONNEL PROGRAMS,armed services; president's budget; draft; met pursuant; state department; Veterans Affairs; appropriations; secretary defense; readiness; task force,armed services,president's budget,draft,met pursuant,state department,Veterans Affairs,appropriations,secretary defense,readiness,task force
118.0,"May 17, 2023",5.0,17,2023,"THE ROLE OF SPECIAL OPERATIONS FORCES IN SUPPORTING THE NATIONAL  DEFENSE STRATEGY, INCLUDING ACTIVITIES THAT CONTRIBUTE TO LONG-TERM  STRATEGIC COMPETITION WITH CHINA AND RUSSIA",armed services; secretary defense; hrg 118; defense authorization; active duty; readiness; national guard; Veterans Affairs; draft; pact act,armed services,secretary defense,hrg 118,defense authorization,active duty,readiness,national guard,Veterans Affairs,draft,pact act
118.0,na,,na,na,WORLDWIDE THREATS,armed services; defense authorization; idaho; amendment; national guard; CDC; pact act; draft; secretary yellen; threats,armed services,defense authorization,idaho,amendment,national guard,CDC,pact act,draft,secretary yellen,threats
118.0,"October 1, 2022",10.0,1,2022,THE CURRENT READINESS OF THE JOINT FORCE,armed services; readiness; pursuant notice; holding hearing; pact act; joint force; Veterans Affairs; draft; defense authorization; mr powell,armed services,readiness,pursuant notice,holding hearing,pact act,joint force,Veterans Affairs,draft,defense authorization,mr powell
118.0,"April 19, 2023",4.0,19,2023,PUBLIC INTEGRITY AND ANTI-CORRUPTION LAWS  AT THE DEPARTMENT OF DEFENSE,armed services; anti corruption; defense authorization; state department; pact act; Veterans Affairs; amendment; appropriations; met pursuant; partisan,armed services,anti corruption,defense authorization,state department,pact act,Veterans Affairs,amendment,appropriations,met pursuant,partisan
118.0,"April 19, 2023",4.0,19,2023,"THE MISSION, ACTIVITIES, OVERSIGHT, AND BUDGET OF THE ALL - DOMAIN ANOMALY RESOLUTION OFFICE",armed services; pursuant notice; pact act; Veterans Affairs; oversight; security interests; draft; amendment; south dakota; defense authorization,armed services,pursuant notice,pact act,Veterans Affairs,oversight,security interests,draft,amendment,south dakota,defense authorization
118.0,"August 1, 2017",8.0,1,2017,THE STATE OF ARTIFICIAL INTELLIGENCE AND MACHINE LEARNING APPLICATIONS TO IM- PROVE DEPARTMENT OF DEFENSE OPERATIONS,defense authorization; armed services; ai; state department; secretary defense; national security; task force; Veterans Affairs; draft; uas,defense authorization,armed services,ai,state department,secretary defense,national security,task force,Veterans Affairs,draft,uas
118.0,"December 31, 2029",,31,2029,. DEPARTMENT OF DEFENSE AUTHORIZATION  REQUEST FOR APPROPRIATIONS FOR FISCAL YEAR 2024 AND THE FUTURE YEARS  DEFENSE PROGRAM,department defense; fiscal year; appropriations; 2023 https; readiness; issued; department treasury; president's budget; defense authorization; Veterans Affairs,department defense,fiscal year,appropriations,2023 https,readiness,issued,department treasury,president's budget,defense authorization,Veterans Affairs
118.0,na,,na,na,DEPARTMENT OF DEFENSE AUTHORIZATION  REQUEST FOR APPROPRIATIONS FOR FISCAL YEAR 2024 AND THE FUTURE YEARS  DEFENSE PROGRAM,department defense; fiscal year; appropriations; 2023 https; president's budget; issued; www govinfo; department treasury; fy 2024; Veterans Affairs,department defense,fiscal year,appropriations,2023 https,president's budget,issued,www govinfo,department treasury,fy 2024,Veterans Affairs
118.0,"March 29, 2024",3.0,29,2024,ENTERPRISE CYBERSECURITY TO PROTECT THE  DEPARTMENT OF DEFENSE INFORMATION,defense authorization; armed services; cybersecurity; national security; south dakota; issued; department defense; pact act; Veterans Affairs; task force,defense authorization,armed services,cybersecurity,national security,south dakota,issued,department defense,pact act,Veterans Affairs,task force
118.0,"March 28, 2023",3.0,28,2023,REGIONAL NUCLEAR DETERRENCE,armed services; nuclear; pursuant notice; south dakota; defense authorization; mr powell; readiness; draft; national guard; Veterans Affairs,armed services,nuclear,pursuant notice,south dakota,defense authorization,mr powell,readiness,draft,national guard,Veterans Affairs
118.0,"March 28, 2023",3.0,28,2023,DEPARTMENT OF DEFENSE AUTHORIZATION  REQUEST FOR APPROPRIATIONS FOR FISCAL YEAR 2024 AND THE FUTURE YEARS DEFENSE,defense authorization; president's budget; 2024; Veterans Affairs; appropriations; armed services; department defense; draft; pursuant notice; reed thank,defense authorization,president's budget,2024,Veterans Affairs,appropriations,armed services,department defense,draft,pursuant notice,reed thank
118.0,"March 22, 2023",3.0,22,2023,RECRUITING CHALLENGES FACING THE UNITED STATES MILITARY,armed services; recruiting; reauthorization; north dakota; draft; veteran; national guard; secretary yellen; defense authorization; met pursuant,armed services,recruiting,reauthorization,north dakota,draft,veteran,national guard,secretary yellen,defense authorization,met pursuant
118.0,"March 22, 2023",3.0,22,2023,DEPARTMENT OF DEFENSE SMALL BUSINESS TOOLS FOR ENHANCING THE INDUSTRIAL BASE,armed services; readiness; met pursuant; defense authorization; Veterans Affairs; active duty; draft; important hearing; national guard; secretary yellen,armed services,readiness,met pursuant,defense authorization,Veterans Affairs,active duty,draft,important hearing,national guard,secretary yellen
118.0,"January 1, 2023",1.0,1,2023,DEPARTMENT OF DEFENSE AUTHORIZATION  REQUEST FOR APPROPRIATIONS FOR FISCAL YEAR 2024 AND THE FUTURE YEARS  DEFENSE PROGRAM,department defense; fiscal year; 2023 https; appropriations; pursuant notice; department treasury; president's budget; defense authorization; fy 2024; draft,department defense,fiscal year,2023 https,appropriations,pursuant notice,department treasury,president's budget,defense authorization,fy 2024,draft
118.0,"December 5, 2022",,5,2022,DEPARTMENT OF DEFENSE AUTHORIZATION  REQUEST FOR APPROPRIATIONS FOR FISCAL YEAR 2024 AND THE FUTURE YEARS  DEFENSE PROGRAM,department defense; fiscal year; appropriations; 2023 https; memorandum; security interests; defense authorization; president's budget; department treasury; fy 2024,department defense,fiscal year,appropriations,2023 https,memorandum,security interests,defense authorization,president's budget,department treasury,fy 2024
118.0,"September 11, 2001",9.0,11,2001,DEPARTMENT OF DEFENSE AUTHORIZATION  REQUEST FOR APPROPRIATIONS FOR FISCAL  YEAR 2024 AND THE FUTURE YEARS DEFENSE,department defense; 2023; president's budget; nuclear weapons; department energy; navy; memorandum; appropriations; security council; national guard,department defense,2023,president's budget,nuclear weapons,department energy,navy,memorandum,appropriations,security council,national guard
118.0,"February 28, 2023",2.0,28,2023,THE CONFLICT IN UKRAINE,armed services; idaho; conflicts; pursuant notice; pact act; invasion ukraine; defense authorization; mr powell; amendment; Veterans Affairs,armed services,idaho,conflicts,pursuant notice,pact act,invasion ukraine,defense authorization,mr powell,amendment,Veterans Affairs
118.0,"February 15, 2023",2.0,15,2023,GLOBAL SECURITY CHALLENGES AND STRATEGY,armed services; defense authorization; national guard; draft; Veterans Affairs; constitution; idaho; secretary yellen; pursuant notice; task force,armed services,defense authorization,national guard,draft,Veterans Affairs,constitution,idaho,secretary yellen,pursuant notice,task force
118.0,"September 18, 2024",9.0,18,2024,THE MACROECONOMIC IMPACTS OF POTENTIAL  TAX REFORM IN 2025,tax policy; 2025; Tax Cuts; valley bank; fiscal; income housing; tax credit; filed; tax gap; tax code,tax policy,2025,Tax Cuts,valley bank,fiscal,income housing,tax credit,filed,tax gap,tax code
118.0,"July 30, 2024",7.0,30,2024,"FOR WORKERS, BUSINESSES, AND THE ECONOMY",regulation; settlement act; valley bank; anti corruption; reauthorization; Tax Cuts; trade commission; barriers; credit unions; additional funding,regulation,settlement act,valley bank,anti corruption,reauthorization,Tax Cuts,trade commission,barriers,credit unions,additional funding
118.0,"June 12, 2024",6.0,12,2024,THE CONSUMER FINANCIAL PROTECTION BUREAU'S SEMIANNUAL REPORT TO,banks; settlement act; filed; bureau; income housing; treasury department; consumer protection; Tax Cuts; additional funding; ssa,banks,settlement act,filed,bureau,income housing,treasury department,consumer protection,Tax Cuts,additional funding,ssa
118.0,"May 29, 2024",5.0,29,2024,THE ECONOMIC AND HEALTH IMPACTS OF  THREATS TO REPRODUCTIVE RIGHTS,Tax Cuts; reauthorization; reproductive; valley bank; concerns; Health Plans; additional funding; state department; fy 2024; economic security,Tax Cuts,reauthorization,reproductive,valley bank,concerns,Health Plans,additional funding,state department,fy 2024,economic security
118.0,"May 22, 2024",5.0,22,2024,CORPORATE PRICE GOUGING AND CONSOLIDATION,food security; Tax Cuts; valley bank; trade commission; treasury department; affordable housing; additional funding; settlement act; consumer protection; 800,food security,Tax Cuts,valley bank,trade commission,treasury department,affordable housing,additional funding,settlement act,consumer protection,800
118.0,"May 9, 2024",5.0,9,2024,FINANCIAL SERVICES AND RENTAL HOUSING,banks; tax policy; district court; affordable housing; filed; additional funding; assess; bureau; consumer protection; biden administration,banks,tax policy,district court,affordable housing,filed,additional funding,assess,bureau,consumer protection,biden administration
118.0,"April 16, 2024",4.0,16,2024,CHALLENGES IN PRESERVING THE U.S. HOUSING STOCK,income housing; executive branch; filed; valley bank; settlement act; additional funding; district columbia; Tax Cuts; treasury department; private equity,income housing,executive branch,filed,valley bank,settlement act,additional funding,district columbia,Tax Cuts,treasury department,private equity
118.0,"October 5, 2022",10.0,5,2022,MOHELA'S PERFORMANCE AS A STUDENT LOAN SERVICER,student loan; treasury department; valley bank; income housing; additional funding; candidates; deficits; jobs act; filed; legislative,student loan,treasury department,valley bank,income housing,additional funding,candidates,deficits,jobs act,filed,legislative
118.0,"April 9, 2024",4.0,9,2024,"COUNTERING ILLICIT FINANCE, TERRORISM AND SANCTIONS EVASION",treasury department; banking; settlement act; anti corruption; idaho; filed; additional funding; hrsa; security council; fy 2024,treasury department,banking,settlement act,anti corruption,idaho,filed,additional funding,hrsa,security council,fy 2024
118.0,"March 12, 2024",3.0,12,2024,"EXAMINING PROPOSALS TO ADDRESS HOUSING AFFORDABILITY, AVAILABILITY, AND OTHER COMMUNITY NEEDS",income housing; state department; additional funding; valley bank; affordability; responses written; reservations; whitehouse thank; settlement act; filed,income housing,state department,additional funding,valley bank,affordability,responses written,reservations,whitehouse thank,settlement act,filed
118.0,"March 1, 2024",3.0,1,2024,THE SEMIANNUAL MONETARY POLICY REPORT TO THE CONGRESS,banks; president's budget; state department; income housing; tax policy; quarterly; hrg 118; filed; usda; compliance,banks,president's budget,state department,income housing,tax policy,quarterly,hrg 118,filed,usda,compliance
118.0,"November 6, 
2023",11.0,6,2023,ANNUAL OVERSIGHT OF WALL STREET FIRMS,banks; whitehouse thank; oversight; filed; treasury department; executive branch; additional funding; anti corruption; 2023 __________; Tax Cuts,banks,whitehouse thank,oversight,filed,treasury department,executive branch,additional funding,anti corruption,2023 __________,Tax Cuts
118.0,"November 30, 2023",11.0,30,2023,THE CONSUMER FINANCIAL PROTECTION BUREAU'S SEMIANNUAL REPORT TO CONGRESS,banks; income housing; filed; bureau; consumer protection; treasury department; Tax Cuts; settlement act; additional funding; quarterly,banks,income housing,filed,bureau,consumer protection,treasury department,Tax Cuts,settlement act,additional funding,quarterly
118.0,"November 14, 2023",11.0,14,2023,PROTECTING MAIN STREET NOT WALL STREET,banks; government accountability; regulatory; executive branch; filed; treasury department; additional funding; security interests; bureau; hrsa,banks,government accountability,regulatory,executive branch,filed,treasury department,additional funding,security interests,bureau,hrsa
118.0,"October 26, 2023",10.0,26,2023,COMBATING THE NETWORKS OF ILLICIT FINANCE  AND TERRORISM,banking; homeland security; settlement act; filed; anti corruption; scrutiny; appropriations; bureau; met pursuant; 2020,banking,homeland security,settlement act,filed,anti corruption,scrutiny,appropriations,bureau,met pursuant,2020
118.0,"October 20, 2023",10.0,20,2023,THE ECONOMIC IMPACT OF FEDERAL  INVESTMENTS IN MASSACHUSETTS,investments; president's budget; Tax Cuts; massachusetts; valley bank; additional funding; income housing; filed; department treasury; appropriations,investments,president's budget,Tax Cuts,massachusetts,valley bank,additional funding,income housing,filed,department treasury,appropriations
118.0,"June 16, 2022",6.0,16,2022,"NOMINATIONS OF TANYA OTSUKA, MARK UYEDA,  SPENCER BACHUS III, JENNIFER FAIN, CLAUDIA  SLACIK, AND WILLIAM BRODSKY",nominations; securities; general berger; cfpb; executive branch; trade commission; filed; credit unions; cramer; security council,nominations,securities,general berger,cfpb,executive branch,trade commission,filed,credit unions,cramer,security council
118.0,"September 20, 2023",9.0,20,2023,MACROECONOMIC IMPACTS OF PUBLIC POLICY MEASURES,tax policy; child care; additional funding; treasury department; deficits; income housing; enrollment; district columbia; regulatory; president's budget,tax policy,child care,additional funding,treasury department,deficits,income housing,enrollment,district columbia,regulatory,president's budget
118.0,"September 20, 2023",9.0,20,2023,ARTIFICIAL INTELLIGENCE IN FINANCIAL SERVICES,banking; intelligence community; state department; filed; cramer; whitehouse thank; additional funding; reform; income housing; moore,banking,intelligence community,state department,filed,cramer,whitehouse thank,additional funding,reform,income housing,moore
118.0,"September 12, 2023",9.0,12,2023,HOUSING SUPPLY AND INNOVATION,income housing; state department; additional funding; valley bank; whitehouse thank; 2023 __________; reservations; hrg 118; settlement act; biden administration,income housing,state department,additional funding,valley bank,whitehouse thank,2023 __________,reservations,hrg 118,settlement act,biden administration
118.0,"May 30, 
2023",5.0,30,2023,OVERSIGHT OF THE U.S. SECURITIES AND  EXCHANGE COMMISSION,banking; district columbia; filed; trade commission; oversight; treasury department; executive branch; security interests; hrsa; 2025,banking,district columbia,filed,trade commission,oversight,treasury department,executive branch,security interests,hrsa,2025
118.0,"September 7, 2023",9.0,7,2023,PERSPECTIVES ON CHALLENGES IN THE PRO- PERTY INSURANCE MARKET AND IMPACT ON  CONSUMERS,insurance companies; settlement act; valley bank; income housing; scrutiny; tax policy; biden administration; bankruptcy; consumer protection; additional funding,insurance companies,settlement act,valley bank,income housing,scrutiny,tax policy,biden administration,bankruptcy,consumer protection,additional funding
118.0,"July 26, 2023",7.0,26,2023,TAKING ACCOUNT OF FEES AND TACTICS IMPACTING AMERICANS' WALLETS,banking; president's budget; treasury department; tax policy; appropriations; hrg 118; junk fees; filed; compliance; assess,banking,president's budget,treasury department,tax policy,appropriations,hrg 118,junk fees,filed,compliance,assess
118.0,"April 21, 2022",4.0,21,2022,BANK MERGERS AND THE ECONOMIC IMPACTS  OF CONSOLIDATION,banks; mergers; additional funding; Tax Cuts; bankruptcy; affordable housing; consolidated; settlement act; valley bank; regulatory,banks,mergers,additional funding,Tax Cuts,bankruptcy,affordable housing,consolidated,settlement act,valley bank,regulatory
118.0,"July 11, 2023",7.0,11,2023,VULNERABLE HOMEBUYERS,settlement act; treasury department; income housing; basin; anti corruption; additional funding; regulations; home state; whitehouse thank; crop insurance,settlement act,treasury department,income housing,basin,anti corruption,additional funding,regulations,home state,whitehouse thank,crop insurance
118.0,"June 16, 2023",6.0,16,2023,THE SEMIANNUAL MONETARY POLICY REPORT TO THE CONGRESS,state department; banking; president's budget; tax policy; quarterly; filed; usda; compliance; fy 2024; bureau,state department,banking,president's budget,tax policy,quarterly,filed,usda,compliance,fy 2024,bureau
118.0,"June 21, 2023",6.0,21,2023,"NOMINATIONS OF PHILIP NATHAN JEFFERSON, LISA DENELL COOK, AND  ADRIANA DEBORA KUGLER",governors; deposit; nominations; treasury department; cfpb; mr powell; secretary kendall; trade commission; fed; banks,governors,deposit,nominations,treasury department,cfpb,mr powell,secretary kendall,trade commission,fed,banks
118.0,"April 26, 2023",4.0,26,2023,STATE OF NATIVE AMERICAN HOUSING,tribal communities; filed; income housing; valley bank; district columbia; settlement act; usda; appropriations; home state; bureau,tribal communities,filed,income housing,valley bank,district columbia,settlement act,usda,appropriations,home state,bureau
118.0,"June 13, 2023",6.0,13,2023,THE CONSUMER FINANCIAL PROTECTION  BUREAU'S SEMIANNUAL REPORT TO CONGRESS,banks; settlement act; bureau; income housing; filed; consumer protection; treasury department; Tax Cuts; quarterly; ssa,banks,settlement act,bureau,income housing,filed,consumer protection,treasury department,Tax Cuts,quarterly,ssa
118.0,"May 31, 2023",5.0,31,2023,"SECURITY, ECONOMIC SECURITY, AND FOREIGN",security interests; district court; usda; whitehouse thank; banking; biden administration; government accountability; bureau; income housing; executive branch,security interests,district court,usda,whitehouse thank,banking,biden administration,government accountability,bureau,income housing,executive branch
118.0,"December 31, 2022",,31,2022,AND CONSUMER PROTECTION IN THE WAKE OF RECENT BANK FAILURES,banks; government accountability; regulatory; filed; executive branch; treasury department; additional funding; bureau; oversight; hrsa,banks,government accountability,regulatory,filed,executive branch,treasury department,additional funding,bureau,oversight,hrsa
118.0,"March 12, 2023",3.0,12,2023,STRENGTHENING ACCOUNTABILITY AT THE,banks; president's budget; government accountability; treasury department; additional funding; income housing; filed; Tax Cuts; fed; executive branch,banks,president's budget,government accountability,treasury department,additional funding,income housing,filed,Tax Cuts,fed,executive branch
118.0,"May 4, 2023",5.0,4,2023,HOLDING EXECUTIVES ACCOUNTABLE FOR RECENT BANK FAILURES,government accountability; banks; treasury department; executive branch; Tax Cuts; audits; bankruptcy; bureau; address issues; cramer,government accountability,banks,treasury department,executive branch,Tax Cuts,audits,bankruptcy,bureau,address issues,cramer
118.0,"December 14, 
1989",,14,1989,RURAL HOUSING LEGISLATION,income housing; district court; rural america; valley bank; reauthorization; additional funding; tax policy; 2020; legislative; settlement act,income housing,district court,rural america,valley bank,reauthorization,additional funding,tax policy,2020,legislative,settlement act
118.0,"May 1, 2023",5.0,1,2023,REAUTHORIZATION OF THE NATIONAL FLOOD,reauthorization; treasury department; flooding; crop insurance; additional funding; settlement act; filed; public policy; medicaid; virginia,reauthorization,treasury department,flooding,crop insurance,additional funding,settlement act,filed,public policy,medicaid,virginia
118.0,"April 27, 2023",4.0,27,2023,OVERSIGHT OF THE CREDIT REPORTING,banks; president's budget; filed; bureau; treasury department; tax credit; credit union; 2023 __________; government accountability; hrsa,banks,president's budget,filed,bureau,treasury department,tax credit,credit union,2023 __________,government accountability,hrsa
118.0,"April 26, 2023",4.0,26,2023,BUILDING CONSENSUS TO ADDRESS HOUSING CHALLENGES,income housing; district court; additional funding; valley bank; biden administration; filed; Tax Cuts; legislative; reauthorization; whitehouse thank,income housing,district court,additional funding,valley bank,biden administration,filed,Tax Cuts,legislative,reauthorization,whitehouse thank
118.0,"July 19, 2022",7.0,19,2022,RECENT BANK FAILURES AND THE FEDERAL REGULATORY RESPONSE,banks; settlement act; filed; president's budget; regulatory; government accountability; bureau; treasury department; income housing; executive branch,banks,settlement act,filed,president's budget,regulatory,government accountability,bureau,treasury department,income housing,executive branch
118.0,"March 16, 2023",3.0,16,2023,"LOCAL VIEWS ON PUBLIC TRANSPORTATION, TRANSIT INFRASTRUCTURE AND OPERATIONS, AND FEDERAL TRANSIT PROGRAMS",department transportation; valley bank; settlement act; whitehouse thank; hrsa; legislative; income housing; district columbia; filed; additional funding,department transportation,valley bank,settlement act,whitehouse thank,hrsa,legislative,income housing,district columbia,filed,additional funding
118.0,"March 8, 2023",3.0,8,2023,THE FEDERAL STRATEGIC PLAN TO PREVENT AND END HOMELESSNESS,homelessness; president's budget; settlement act; Health Plans; valley bank; public policy; hrg 118; proposal; filed; assistance program,homelessness,president's budget,settlement act,Health Plans,valley bank,public policy,hrg 118,proposal,filed,assistance program
118.0,"January 19, 2023",1.0,19,2023,THE FEDERAL DEBT LIMIT AND ITS ECONOMIC  AND FINANCIAL CONSEQUENCES,debt; president's budget; valley bank; treasury department; tax policy; fy 2024; filed; income housing; additional funding; fiscal,debt,president's budget,valley bank,treasury department,tax policy,fy 2024,filed,income housing,additional funding,fiscal
118.0,"March 3, 2023",3.0,3,2023,THE SEMIANNUAL MONETARY POLICY REPORT TO THE CONGRESS,banking; state department; president's budget; tax policy; hrg 118; filed; quarterly; income housing; usda; settlement act,banking,state department,president's budget,tax policy,hrg 118,filed,quarterly,income housing,usda,settlement act
118.0,"February 28, 2023",2.0,28,2023,"ADVANCING NATIONAL SECURITY AND FOREIGN POLICY THROUGH SANCTIONS,  EXPORT CONTROLS, AND OTHER ECONOMIC TOOLS",security interests; hrg 118; state department; president's budget; biden administration; tax policy; trade commission; valley bank; foreign assistance; executive branch,security interests,hrg 118,state department,president's budget,biden administration,tax policy,trade commission,valley bank,foreign assistance,executive branch
118.0,"February 14, 2023",2.0,14,2023,BEFORE THE,banks; security interests; settlement act; filed; regulations; additional funding; ssa; accountability office; private equity; crypto,banks,security interests,settlement act,filed,regulations,additional funding,ssa,accountability office,private equity,crypto
118.0,"February 9, 2023",2.0,9,2023,THE STATE OF HOUSING 2023,income housing; state department; valley bank; 2023 __________; whitehouse thank; filed; settlement act; additional funding; voter; resident,income housing,state department,valley bank,2023 __________,whitehouse thank,filed,settlement act,additional funding,voter,resident
118.0,"December 18, 2024",,18,2024,THE CLIMATE-DRIVEN INSURANCE CRISIS,president's budget; climate change; insurance companies; forward hearing; department energy; partisan; Tax Cuts; 2023 __________; affordability; idaho,president's budget,climate change,insurance companies,forward hearing,department energy,partisan,Tax Cuts,2023 __________,affordability,idaho
118.0,"September 25, 2024",9.0,25,2024,RISKS FROM HOUSING UNAFFORDABILITY,president's budget; settlement act; affordability; 2025; idaho; tax code; arrangements; appropriations; unfunded; sheldon whitehouse,president's budget,settlement act,affordability,2025,idaho,tax code,arrangements,appropriations,unfunded,sheldon whitehouse
118.0,"September 11, 2024",9.0,11,2024,BENEFITS AND PROTECTING RETIREMENT SECURITY,president's budget; social security; forward hearing; Veterans Affairs; executive branch; department treasury; hrsa; fy 2024; energy security; Health Plans,president's budget,social security,forward hearing,Veterans Affairs,executive branch,department treasury,hrsa,fy 2024,energy security,Health Plans
118.0,"July 31, 2024",7.0,31,2024,ELECTRIC VEHICLES,president's budget; forward hearing; legislative; 2025; department energy; Tax Cuts; executive order; durbin thank; additional funding; rand,president's budget,forward hearing,legislative,2025,department energy,Tax Cuts,executive order,durbin thank,additional funding,rand
118.0,"July 9, 2024",7.0,9,2024,EXAMINING CBO'S UPDATED 2024-2034 BUDGET  AND ECONOMIC OUTLOOK,president's budget; 2025; clerk; legislative; additional funding; fiscal; cbo; budget request; forward hearing; department energy,president's budget,2025,clerk,legislative,additional funding,fiscal,cbo,budget request,forward hearing,department energy
118.0,"June 12, 2024",6.0,12,2024,MAKING WALL STREET PAY,president's budget; valley bank; Tax Cuts; treasury department; sheldon whitehouse; appropriations; fy 2024; fiscal; executive branch; reservation,president's budget,valley bank,Tax Cuts,treasury department,sheldon whitehouse,appropriations,fy 2024,fiscal,executive branch,reservation
118.0,"June 5, 2024",6.0,5,2024,CHALLENGING INSURANCE MARKETS,president's budget; insurance companies; partisan; tax policy; department energy; affordability; washington; mitigation; forward hearing; EPA,president's budget,insurance companies,partisan,tax policy,department energy,affordability,washington,mitigation,forward hearing,EPA
118.0,"May 22, 2024",5.0,22,2024,WATER SCARCITY IN A CHANGING CLIMATE,drought; president's budget; EPA; idaho; fy 2024; climate change; water resources; additional funding; legislative; Tax Cuts,drought,president's budget,EPA,idaho,fy 2024,climate change,water resources,additional funding,legislative,Tax Cuts
118.0,"May 15, 2024",5.0,15,2024,CLIMATE CHANGE AND THE COSTS TO NATIONAL SECURITY,president's budget; storm; department energy; legislative; additional funding; climate change; budget request; durbin thank; secretary defense; fy 2024,president's budget,storm,department energy,legislative,additional funding,climate change,budget request,durbin thank,secretary defense,fy 2024
118.0,"May 8, 2024",5.0,8,2024,ALLEVIATING ADMINISTRATIVE BURDENS IN HEALTH CARE,president's budget; Health Plans; state department; Tax Cuts; care costs; burdens; executive order; additional funding; budget request; fiscal,president's budget,Health Plans,state department,Tax Cuts,care costs,burdens,executive order,additional funding,budget request,fiscal
118.0,"May 1, 2024",5.0,1,2024,BIG OIL'S EVOLVING EFFORTS TO AVOID ACCOUNTABILITY FOR CLIMATE CHANGE,president's budget; climate change; EPA; partisan; government accountability; Tax Cuts; additional funding; department energy; 2023 __________; regulated,president's budget,climate change,EPA,partisan,government accountability,Tax Cuts,additional funding,department energy,2023 __________,regulated
118.0,"April 10, 2024",4.0,10,2024,OFFSHORE TAX EVASION BY THE WEALTHY AND CORPORATIONS,president's budget; irs; Tax Cuts; district columbia; fiscal; department energy; executive branch; valley bank; www govinfo; tax policy,president's budget,irs,Tax Cuts,district columbia,fiscal,department energy,executive branch,valley bank,www govinfo,tax policy
118.0,"March 20, 2024",3.0,20,2024,CLIMATE COSTS,president's budget; idaho; climate change; department energy; legislative; budget request; appropriations; water resources; camp; Tax Cuts,president's budget,idaho,climate change,department energy,legislative,budget request,appropriations,water resources,camp,Tax Cuts
118.0,"March 12, 2024",3.0,12,2024,THE PRESIDENT'S FISCAL YEAR 2025  BUDGET PROPOSAL,president's budget; fy 2024; legislative; fiscal year; budget request; treasury department; deficits; sheldon whitehouse; pursuant notice; appropriations,president's budget,fy 2024,legislative,fiscal year,budget request,treasury department,deficits,sheldon whitehouse,pursuant notice,appropriations
118.0,"March 6, 2024",3.0,6,2024,HOW PRIMARY CARE IMPROVES HEALTH CARE EFFICIENCY,president's budget; Health Plans; important hearing; Veterans Affairs; efficiency; primary care; Tax Cuts; department energy; executive order; fiscal,president's budget,Health Plans,important hearing,Veterans Affairs,efficiency,primary care,Tax Cuts,department energy,executive order,fiscal
118.0,"February 28, 2024",2.0,28,2024,HARMS OF RESTRICTING REPRODUCTIVE,president's budget; amendments; fy 2024; bureau; partisan; restrictions; taxpayer; adjourned; executive order; __________ printed,president's budget,amendments,fy 2024,bureau,partisan,restrictions,taxpayer,adjourned,executive order,__________ printed
118.0,"January 31, 2024",1.0,31,2024,HOUSING AFFORDABILITY,president's budget; income housing; forward hearing; affordability; legislative; additional funding; whitehouse thank; Tax Cuts; treasury department; fiscal,president's budget,income housing,forward hearing,affordability,legislative,additional funding,whitehouse thank,Tax Cuts,treasury department,fiscal
118.0,"January 24, 2024",1.0,24,2024,CLIMATE CRISIS THREATENS OCEAN INDUSTRIES,president's budget; climate change; EPA; idaho; cfpb; department energy; legislative; 2023 __________; water resources; Tax Cuts,president's budget,climate change,EPA,idaho,cfpb,department energy,legislative,2023 __________,water resources,Tax Cuts
118.0,"January 17, 2024",1.0,17,2024,CORPORATE LOOPHOLES THAT REWARD OFFSHORING JOBS AND PROFITS,irs; president's budget; Tax Cuts; adjourned; clerk; executive branch; leverage; www govinfo; additional funding; durbin thank,irs,president's budget,Tax Cuts,adjourned,clerk,executive branch,leverage,www govinfo,additional funding,durbin thank
118.0,"January 10, 2024",1.0,10,2024,SAFEGUARDING MUNICIPAL BONDS FROM CLIMATE RISK,president's budget; treasury department; appropriations; renewable; 2023 __________; crop insurance; Tax Cuts; advisory; savings; leverage,president's budget,treasury department,appropriations,renewable,2023 __________,crop insurance,Tax Cuts,advisory,savings,leverage
118.0,"November 8, 2023",11.0,8,2023,CRACKING DOWN ON WEALTHY TAX,president's budget; irs; fiscal; Tax Cuts; government accountability; appropriations; taxpayer; forward hearing; executive branch; tax policy,president's budget,irs,fiscal,Tax Cuts,government accountability,appropriations,taxpayer,forward hearing,executive branch,tax policy
118.0,"October 25, 2023",10.0,25,2023,CHANGE THREATENS SUPPLY CHAINS,president's budget; climate change; supply chains; department energy; partisan; regulated; forward hearing; additional funding; Tax Cuts; washington,president's budget,climate change,supply chains,department energy,partisan,regulated,forward hearing,additional funding,Tax Cuts,washington
118.0,"October 18, 2023",10.0,18,2023,HEALTH CARE EFFICIENCY,president's budget; Health Plans; forward hearing; improvements; Veterans Affairs; care costs; Tax Cuts; affordability; department energy; additional funding,president's budget,Health Plans,forward hearing,improvements,Veterans Affairs,care costs,Tax Cuts,affordability,department energy,additional funding
118.0,"September 27, 2023",9.0,27,2023,MAKING THE WEALTHY PAY THEIR FAIR SHARE,medicare; president's budget; forward hearing; taxpayer; fiscal; executive order; seniors; hrsa; department energy; medicare advantage,medicare,president's budget,forward hearing,taxpayer,fiscal,executive order,seniors,hrsa,department energy,medicare advantage
118.0,"September 20, 2023",9.0,20,2023,HOW PUBLIC INVESTMENT PROMOTES PROSPERITY FOR ALL,president's budget; Tax Cuts; appropriations; fiscal; forward hearing; affordability; executive branch; district columbia; additional funding; public policy,president's budget,Tax Cuts,appropriations,fiscal,forward hearing,affordability,executive branch,district columbia,additional funding,public policy
118.0,"September 13, 2023",9.0,13,2023,HOW IMMIGRATION FUELS ECONOMIC GROWTH AND OUR COMPETITIVE ADVANTAGE,president's budget; immigration; Tax Cuts; fy 2024; appropriations; executive branch; fiscal; idaho; candidates; whitehouse thank,president's budget,immigration,Tax Cuts,fy 2024,appropriations,executive branch,fiscal,idaho,candidates,whitehouse thank
118.0,"July 26, 2023",7.0,26,2023,THE FISCAL CONSEQUENCES OF CLIMATE CHANGE INFRASTRUCTURE,president's budget; climate change; legislative; Tax Cuts; department energy; 2023 __________; fiscal; additional funding; idaho; forward hearing,president's budget,climate change,legislative,Tax Cuts,department energy,2023 __________,fiscal,additional funding,idaho,forward hearing
118.0,"July 12, 2023",7.0,12,2023,MAKING THE WEALTHY PAY THEIR FAIR SHARE,president's budget; social security; forward hearing; Tax Cuts; treasury department; executive order; appropriations; security council; fy 2024; Health Plans,president's budget,social security,forward hearing,Tax Cuts,treasury department,executive order,appropriations,security council,fy 2024,Health Plans
118.0,"June 21, 2023",6.0,21,2023,FUEL DARK MONEY'S SYSTEMIC THREATS TO CLIMATE AND THE FEDERAL BUDGET,president's budget; department energy; climate change; partisan; regulated; 2023 __________; appropriations; fossil fuel; Tax Cuts; south dakota,president's budget,department energy,climate change,partisan,regulated,2023 __________,appropriations,fossil fuel,Tax Cuts,south dakota
118.0,"June 7, 2023",6.0,7,2023,COMMITTEE ON THE BUDGET UNITED STATES SENATE,president's budget; USDA; appropriations; executive branch; idaho; Tax Cuts; reservations; 2020; affordability; tenure,president's budget,USDA,appropriations,executive branch,idaho,Tax Cuts,reservations,2020,affordability,tenure
118.0,"May 17, 2023",5.0,17,2023,HOW TAX CUTS FOR THE WEALTHY AND CORPORATIONS DRIVE THE NATIONAL DEBT,president's budget; Tax Cuts; deficits; fiscal; 2023 __________; treasury department; additional funding; executive branch; appropriations; debt,president's budget,Tax Cuts,deficits,fiscal,2023 __________,treasury department,additional funding,executive branch,appropriations,debt
118.0,"May 10, 2023",5.0,10,2023,AND EXPERIENCE ON THE NATIONAL COSTS OF CLIMATE CHANGE,president's budget; climate change; partisan; department energy; additional funding; forward hearing; Tax Cuts; washington; 2023 __________; affordability,president's budget,climate change,partisan,department energy,additional funding,forward hearing,Tax Cuts,washington,2023 __________,affordability
118.0,"May 4, 2023",5.0,4,2023,"BRINKMANSHIP, AND BILLIONAIRE BACKROOM DEALS",president's budget; legislative; treasury department; executive order; appropriations; 2023 __________; Tax Cuts; whitehouse thank; fiscal; budget request,president's budget,legislative,treasury department,executive order,appropriations,2023 __________,Tax Cuts,whitehouse thank,fiscal,budget request
118.0,"May 3, 2023",5.0,3,2023,THE REAL COST OF FOSSIL FUELS,president's budget; fossil fuel; department energy; taxpayer; 2023 __________; EPA; important hearing; partisan; budget request; Tax Cuts,president's budget,fossil fuel,department energy,taxpayer,2023 __________,EPA,important hearing,partisan,budget request,Tax Cuts
118.0,"April 26, 2023",4.0,26,2023,COMMITTEE ON THE BUDGET UNITED STATES SENATE,president's budget; climate change; forward hearing; idaho; Health Plans; department energy; 2023 __________; legislative; 19 pandemic; Tax Cuts,president's budget,climate change,forward hearing,idaho,Health Plans,department energy,2023 __________,legislative,19 pandemic,Tax Cuts
118.0,"April 18, 2023",4.0,18,2023,BY THE WEALTHY AND BIG CORPORATIONS,president's budget; irs; elections; Tax Cuts; leverage; appropriations; deficits; govinfo gov; taxpayer; fiscal,president's budget,irs,elections,Tax Cuts,leverage,appropriations,deficits,govinfo gov,taxpayer,fiscal
118.0,"March 29, 2023",3.0,29,2023,COMMITTEE ON THE BUDGET UNITED STATES SENATE,president's budget; EPA; 2023 __________; Tax Cuts; shortages; department energy; leverage; durbin thank; Natural Gas; partisan,president's budget,EPA,2023 __________,Tax Cuts,shortages,department energy,leverage,durbin thank,Natural Gas,partisan
118.0,"March 22, 2023",3.0,22,2023,CHANGING INSURANCE MARKETS,president's budget; climate change; insurance companies; partisan; Tax Cuts; department energy; public policy; EPA; washington; 2023 __________,president's budget,climate change,insurance companies,partisan,Tax Cuts,department energy,public policy,EPA,washington,2023 __________
118.0,"March 15, 2023",3.0,15,2023,THE PRESIDENT'S FISCAL YEAR 2024  BUDGET PROPOSAL,president's budget; 2023 __________; forward hearing; fiscal year; budget request; legislative; treasury department; Tax Cuts; whitehouse thank; appropriations,president's budget,2023 __________,forward hearing,fiscal year,budget request,legislative,treasury department,Tax Cuts,whitehouse thank,appropriations
118.0,"March 15, 2023",3.0,15,2023,THE PRESIDENT'S FISCAL YEAR 2024  BUDGET PROPOSAL,president's budget; hrg 118; year 2022; fiscal year; www govinfo; department treasury; important hearing; pursuant notice; __________ printed; cited,president's budget,hrg 118,year 2022,fiscal year,www govinfo,department treasury,important hearing,pursuant notice,__________ printed,cited
118.0,"March 8, 2023",3.0,8,2023,OF WILDFIRES,president's budget; wildfires; Tax Cuts; department energy; partisan; regulated; appropriations; executive branch; forward hearing; fy 2024,president's budget,wildfires,Tax Cuts,department energy,partisan,regulated,appropriations,executive branch,forward hearing,fy 2024
118.0,"March 1, 2023",3.0,1,2023,CLIMATE CHANGE AND THE ECONOMIC RISKS TO COASTAL COMMUNITIES,president's budget; climate change; idaho; cfpb; 2023 __________; Tax Cuts; durbin thank; coastal; additional funding; EPA,president's budget,climate change,idaho,cfpb,2023 __________,Tax Cuts,durbin thank,coastal,additional funding,EPA
118.0,"February 15, 2023",2.0,15,2023,CLIMATE-RELATED ECONOMIC RISKS AND THEIR COSTS TO THE FEDERAL BUDGET AND GLOBAL ECONOMY,president's budget; climate change; department energy; budget request; tariffs; 2023 __________; appropriations; deficits; crop insurance; fiscal,president's budget,climate change,department energy,budget request,tariffs,2023 __________,appropriations,deficits,crop insurance,fiscal
118.0,"February 15, 2023",2.0,15,2023,CLIMATE-RELATED ECONOMIC RISKS AND THEIR COSTS TO THE FEDERAL BUDGET AND GLOBAL ECONOMY,president's budget; hrg 118; climate change; EPA; usda; important hearing; printed; 2023 __________; 19 pandemic; govinfo gov,president's budget,hrg 118,climate change,EPA,usda,important hearing,printed,2023 __________,19 pandemic,govinfo gov
118.0,"March 20, 2024",3.0,20,2024,PROMOTING A SAFE ENVIRONMENT  IN U.S. ATHLETICS,amtrak; consumer protection; partisan; EPA; state department; public safety; department transportation; sit; trade commission; hrg 118,amtrak,consumer protection,partisan,EPA,state department,public safety,department transportation,sit,trade commission,hrg 118
118.0,"March 6, 2024",3.0,6,2024,NATIONAL TRANSPORTATION SAFETY BOARD  INVESTIGATIONS REPORT,department transportation; ted cruz; idaho; amtrak; mitigation; tariffs; pursuant notice; legislative; hrg 118; sit,department transportation,ted cruz,idaho,amtrak,mitigation,tariffs,pursuant notice,legislative,hrg 118,sit
118.0,"March 1, 2024",3.0,1,2024,IMPORTANCE OF GREAT LAKES ICEBREAKING  TO THE REGIONAL ECONOMY,lakes; tariffs; south dakota; amtrak; reservations; climate change; EPA; fisheries; governor; cited,lakes,tariffs,south dakota,amtrak,reservations,climate change,EPA,fisheries,governor,cited
118.0,"February 28, 2024",2.0,28,2024,NOMINATIONS TO THE  FEDERAL MARITIME COMMISSION,nomination; amtrak; trade commission; reservations; ship; forward hearing; district columbia; cfpb; durbin thank; hrg 118,nomination,amtrak,trade commission,reservations,ship,forward hearing,district columbia,cfpb,durbin thank,hrg 118
118.0,"December 13, 2023",,13,2023,GOVERNMENT PROMOTION OF SAFETY AND INNOVATION IN THE NEW SPACE ECONOMY,department transportation; tariffs; reservations; executive branch; nasa; regulatory; iowa; durbin thank; reactors; trade commission,department transportation,tariffs,reservations,executive branch,nasa,regulatory,iowa,durbin thank,reactors,trade commission
118.0,"November 9, 2023",11.0,9,2023,ADDRESSING CLOSE CALLS TO IMPROVE AVIATION SAFETY,department transportation; aviation safety; conducted; executive branch; important hearing; hrg 118; reservations; regulatory; faa; south dakota,department transportation,aviation safety,conducted,executive branch,important hearing,hrg 118,reservations,regulatory,faa,south dakota
118.0,"November 7, 2023",11.0,7,2023,SUSTAINABLE TOURISM  FOR A THRIVING ECONOMY,amtrak; sustainability; tariffs; reservations; executive branch; south dakota; durbin thank; 2020; valley bank; navajo nation,amtrak,sustainability,tariffs,reservations,executive branch,south dakota,durbin thank,2020,valley bank,navajo nation
118.0,na,,na,na,NOMINATION TO THE METROPOLITAN WASHINGTON AIRPORTS AUTHORITY AND THE  NATIONAL TRANSPORTATION SAFETY BOARD,nomination; department transportation; washington; faa; 2025; thank chair; forward hearing; government accountability; airports; nasa,nomination,department transportation,washington,faa,2025,thank chair,forward hearing,government accountability,airports,nasa
118.0,"October 24, 2023",10.0,24,2023,PROTECTING AMERICANS FROM ROBOCALLS,department transportation; ted cruz; robocalls; mississippi; tariffs; forward hearing; legislative; 2023 https; reservations; appear today,department transportation,ted cruz,robocalls,mississippi,tariffs,forward hearing,legislative,2023 https,reservations,appear today
118.0,"October 18, 2023",10.0,18,2023,"PROMOTING SAFETY, INNOVATION, AND COMPETITIVENESS IN U.S. COMMERCIAL HUMAN SPACE ACTIVITIES",department transportation; hrg 118; reservations; executive branch; tariffs; south dakota; conducted; nasa; jobs act; regulatory,department transportation,hrg 118,reservations,executive branch,tariffs,south dakota,conducted,nasa,jobs act,regulatory
118.0,"October 4, 2023",10.0,4,2023,"NOMINATION OF MICHAEL G. WHITAKER, NOMINEE TO BE ADMINISTRATOR, FEDERAL AVIATION ADMINISTRATION",nomination; department transportation; whitaker; pilot program; executive branch; trade commission; faa; south dakota; reservations; pursuant notice,nomination,department transportation,whitaker,pilot program,executive branch,trade commission,faa,south dakota,reservations,pursuant notice
118.0,"October 4, 2023",10.0,4,2023,CHIPS AND SCIENCE IMPLEMENTATION  AND OVERSIGHT,department transportation; 21st; partisan; mississippi; regulatory; tariffs; reservations; printed; assessments; task force,department transportation,21st,partisan,mississippi,regulatory,tariffs,reservations,printed,assessments,task force
118.0,"September 20, 2023",9.0,20,2023,NOMINATION TO THE FEDERAL TRADE COMMISSION AND THE CONSUMER PRODUCT SAFETY COMMISSION,trade commission; 21st; candidates; department transportation; session __________; www fcc; legislative; thank chair; clerk; reactors,trade commission,21st,candidates,department transportation,session __________,www fcc,legislative,thank chair,clerk,reactors
118.0,"September 12, 2023",9.0,12,2023,THE NEED FOR TRANSPARENCY  IN ARTIFICIAL INTELLIGENCE,department transportation; transparency; regulatory; intelligence community; tariffs; ted cruz; government accountability; south dakota; cramer; printed,department transportation,transparency,regulatory,intelligence community,tariffs,ted cruz,government accountability,south dakota,cramer,printed
118.0,"August 25, 2023",8.0,25,2023,"ECONOMIC IMPACTS OF THE U.S. SPORTS AND ENTERTAINMENT ECONOMY, LAS  VEGAS EDITION",tariffs; department transportation; reservations; impacts; deficits; nevada; 2020; hrg; appropriations; conference,tariffs,department transportation,reservations,impacts,deficits,nevada,2020,hrg,appropriations,conference
118.0,"July 20, 2023",7.0,20,2023,BUDGET OVERSIGHT OF THE NATIONAL OCEANIC  AND ATMOSPHERIC ADMINISTRATION,department transportation; president's budget; fisheries; south dakota; EPA; durbin thank; partisan; tariffs; pursuant notice; 2020,department transportation,president's budget,fisheries,south dakota,EPA,durbin thank,partisan,tariffs,pursuant notice,2020
118.0,"July 13, 2023",7.0,13,2023,BUDGET OVERSIGHT  OF THE UNITED STATES COAST GUARD,department transportation; president's budget; fisheries; tariffs; south dakota; national guard; legislative; EPA; hrg 118; pursuant notice,department transportation,president's budget,fisheries,tariffs,south dakota,national guard,legislative,EPA,hrg 118,pursuant notice
118.0,"June 22, 2023",6.0,22,2023,NOMINATION TO THE FEDERAL  COMMUNICATIONS COMMISSION,nomination; department transportation; hrg 118; forward hearing; trade commission; south dakota; reservations; durbin thank; fcc gov; 2026,nomination,department transportation,hrg 118,forward hearing,trade commission,south dakota,reservations,durbin thank,fcc gov,2026
118.0,"June 21, 2023",6.0,21,2023,NOMINATION TO THE NATIONAL TRANSPORTATION SAFETY BOARD AND THE AMTRAK BOARD OF DIRECTORS,amtrak; nomination; department transportation; hrg 118; south dakota; reservations; trade commission; pursuant notice; reactors; ted,amtrak,nomination,department transportation,hrg 118,south dakota,reservations,trade commission,pursuant notice,reactors,ted
118.0,"June 13, 2023",6.0,13,2023,OVERSIGHT AND IMPLEMENTATION OF TRAVEL  AND TOURISM LEGISLATION,amtrak; tariffs; pursuant notice; reservations; executive branch; south dakota; transport; 2020; conducted; trade commission,amtrak,tariffs,pursuant notice,reservations,executive branch,south dakota,transport,2020,conducted,trade commission
118.0,"June 8, 2023",6.0,8,2023,PROTECTING CONSUMERS FROM JUNK FEES,consumer protection; department transportation; tariffs; junk fees; EPA; legislative; fed; south dakota; trade commission; regulatory,consumer protection,department transportation,tariffs,junk fees,EPA,legislative,fed,south dakota,trade commission,regulatory
118.0,"May 16, 2023",5.0,16,2023,EXAMINING NASA'S FY24 BUDGET  AND PRIORITIES,president's budget; department transportation; fy 2024; mississippi; legislative; tariffs; nasa; reservations; fed; durbin thank,president's budget,department transportation,fy 2024,mississippi,legislative,tariffs,nasa,reservations,fed,durbin thank
118.0,"May 11, 2023",5.0,11,2023,THE STATE OF UNIVERSAL SERVICE,department transportation; mississippi; forward hearing; partisan; 2023 https; reservations; www fcc; durbin thank; tariffs; amtrak,department transportation,mississippi,forward hearing,partisan,2023 https,reservations,www fcc,durbin thank,tariffs,amtrak
118.0,"March 29, 2023",3.0,29,2023,ADVANCING NEXT GENERATION  AVIATION TECHNOLOGIES,department transportation; 2020; pilot program; executive branch; navajo nation; faa; south dakota; trade commission; proposals; cited,department transportation,2020,pilot program,executive branch,navajo nation,faa,south dakota,trade commission,proposals,cited
118.0,"March 23, 2023",3.0,23,2023,ENHANCING CONSUMER PROTECTIONS AND CONNECTIVITY IN AIR TRANSPORTATION,department transportation; regulatory; reservations; tariffs; iowa; amtrak; printed; forward hearing; trade commission; ted cruz,department transportation,regulatory,reservations,tariffs,iowa,amtrak,printed,forward hearing,trade commission,ted cruz
118.0,"March 22, 2023",3.0,22,2023,IMPROVING RAIL SAFETY IN RESPONSE  TO THE EAST PALESTINE DERAILMENT,railroad; reservations; department transportation; tariffs; idaho; forward hearing; amtrak; hrg 118; executive branch; rail,railroad,reservations,department transportation,tariffs,idaho,forward hearing,amtrak,hrg 118,executive branch,rail
118.0,"March 16, 2023",3.0,16,2023,STRENGTHENING THE AVIATION WORKFORCE,aviation; amtrak; executive branch; reservations; south dakota; conducted; payroll; department transportation; Tax Cuts; important hearing,aviation,amtrak,executive branch,reservations,south dakota,conducted,payroll,department transportation,Tax Cuts,important hearing
118.0,"March 8, 2023",3.0,8,2023,"IMPLEMENTATION AND OVERSIGHT OF THE AIRCRAFT CERTIFICATION, SAFETY, AND ACCOUNTABILITY ACT",department transportation; legislation; hrg 118; mississippi; trade commission; faa; president's budget; reservations; durbin thank; 21st,department transportation,legislation,hrg 118,mississippi,trade commission,faa,president's budget,reservations,durbin thank,21st
118.0,"March 1, 2023",3.0,1,2023,"NOMINATION OF PHILLIP A. WASHINGTON, NOMINEE TO BE ADMINISTRATOR, FEDERAL AVIATION ADMINISTRATION",department transportation; nominee; pilot program; executive branch; faa; reservations; 21st; trade commission; south dakota; durbin thank,department transportation,nominee,pilot program,executive branch,faa,reservations,21st,trade commission,south dakota,durbin thank
118.0,"February 16, 2023",2.0,16,2023,BRINGING TRANSPARENCY AND ACCOUNTABILITY TO PHARMACY BENEFIT MANAGERS,FDA; department transportation; president's budget; tariffs; pharmacy benefit; reservations; government accountability; bureau; md; utilization,FDA,department transportation,president's budget,tariffs,pharmacy benefit,reservations,government accountability,bureau,md,utilization
118.0,"February 15, 2023",2.0,15,2023,THE FEDERAL AVIATION ADMINISTRATION'S NOTAM SYSTEM FAILURE AND ITS IMPACTS ON A RESILIENT NATIONAL AIRSPACE,faa; missouri; department transportation; mitigation; pursuant notice; important hearing; air traffic; reservations; legislative; hrg 118,faa,missouri,department transportation,mitigation,pursuant notice,important hearing,air traffic,reservations,legislative,hrg 118
118.0,"February 14, 2023",2.0,14,2023,"NOMINATION OF GIGI B. SOHN, NOMINEE TO BE A COMMISSIONER, FEDERAL COMMUNICATIONS COMMISSION",nomination; department transportation; trade commission; south dakota; reservations; sohn; harris; hrg 118; deputy secretary; legislative,nomination,department transportation,trade commission,south dakota,reservations,sohn,harris,hrg 118,deputy secretary,legislative
118.0,"February 9, 2023",2.0,9,2023,STRENGTHENING AIRLINE OPERATIONS  AND CONSUMER PROTECTIONS,department transportation; reservations; regulatory; airlines; tariffs; executive order; amtrak; south dakota; printed; cruz,department transportation,reservations,regulatory,airlines,tariffs,executive order,amtrak,south dakota,printed,cruz
118.0,"June 9, 2024",6.0,9,2024,PENDING LEGISLATION,natural resources; executive branch; EPA; forest service; wyoming; regulations; doi org; renewable energy; USDA; hrg 118,natural resources,executive branch,EPA,forest service,wyoming,regulations,doi org,renewable energy,USDA,hrg 118
118.0,na,,na,na,"THE OPPORTUNITIES, RISKS, AND CHALLENGES ASSOCIATED WITH GROWTH IN DEMAND FOR ELECTRIC POWER IN THE UNITED STATES",renewable energy; department energy; energy security; tariffs; additional funding; EPA; navajo nation; executive branch; natural resources; 2023 __________,renewable energy,department energy,energy security,tariffs,additional funding,EPA,navajo nation,executive branch,natural resources,2023 __________
118.0,na,,na,na,THE PRESIDENT'S BUDGET REQUEST FOR THE U.S. FOREST SERVICE FOR FISCAL YEAR 2025,president's budget; forestry; department energy; natural resources; year 2022; executive branch; additional funding; EPA; renewable energy; wyoming,president's budget,forestry,department energy,natural resources,year 2022,executive branch,additional funding,EPA,renewable energy,wyoming
118.0,"May 13, 2024",5.0,13,2024,THE PRESIDENT'S BUDGET REQUEST FOR THE NATIONAL PARK SERVICE FOR FISCAL YEAR 2025 AND PENDING LEGISLATION,natural resources; president's budget; department energy; park; doi org; executive branch; EPA; renewable energy; manchin; mr powell,natural resources,president's budget,department energy,park,doi org,executive branch,EPA,renewable energy,manchin,mr powell
118.0,"May 2, 2024",5.0,2,2024,THE PRESIDENT'S BUDGET REQUEST FOR THE U.S. DEPARTMENT OF THE INTERIOR FOR FISCAL YEAR 2025,president's budget; renewable energy; department energy; idaho; 2023 __________; natural resources; EPA; appropriations; executive branch; usda,president's budget,renewable energy,department energy,idaho,2023 __________,natural resources,EPA,appropriations,executive branch,usda
118.0,na,,na,na,THE PRESIDENT'S BUDGET REQUEST FOR THE U.S. DEPARTMENT OF ENERGY FOR FISCAL YEAR 2025,renewable energy; president biden; drug prices; president's budget; oil gas; department energy; tariffs; energy security; affordable housing; inflation reduction,renewable energy,president biden,drug prices,president's budget,oil gas,department energy,tariffs,energy security,affordable housing,inflation reduction
118.0,na,,na,na,THE FEDERAL AND NON-FEDERAL ROLE OF ASSESSING CYBER THREATS TO AND VULNERABILITIES OF CRITICAL WATER INFRASTRUCTURE IN OUR ENERGY SECTOR,energy security; basin; EPA; critical infrastructure; water resources; department energy; regulated; 2023 https; renewable; idaho,energy security,basin,EPA,critical infrastructure,water resources,department energy,regulated,2023 https,renewable,idaho
118.0,na,,na,na,"CHANG, ROSNER, AND SEE NOMINATIONS",department energy; nominees; regulatory; Natural Gas; manchin; hrg 118; executive branch; renewable energy; EPA; valley bank,department energy,nominees,regulatory,Natural Gas,manchin,hrg 118,executive branch,renewable energy,EPA,valley bank
118.0,na,,na,na,THE FINDINGS AND RECOMMENDATIONS OF THE  WILDLAND FIRE MITIGATION AND MANAGE- MENT COMMISSION,energy security; tribal lands; Natural Gas; EPA; wildfires; hrg 118; department energy; regulated; natural resources; nevada,energy security,tribal lands,Natural Gas,EPA,wildfires,hrg 118,department energy,regulated,natural resources,nevada
118.0,"December 23, 2023",,23,2023,OPPORTUNITIES AND CHALLENGES ASSOCIATED WITH DEVELOPING GEOLOGIC  HYDROGEN IN THE UNITED STATES,hydrogen; natural resources; department energy; idaho; doi org; fossil fuel; EPA; 2023 __________; renewable energy; developments,hydrogen,natural resources,department energy,idaho,doi org,fossil fuel,EPA,2023 __________,renewable energy,developments
118.0,"February 4, 2024",2.0,4,2024,THE ADMINISTRATION'S PAUSE ON LIQUEFIED,Natural Gas; renewable energy; EPA; exports; wyoming; department energy; coal; hrg 118; natural resources; reactors,Natural Gas,renewable energy,EPA,exports,wyoming,department energy,coal,hrg 118,natural resources,reactors
118.0,"January 11, 2024",1.0,11,2024,FEDERAL ELECTRIC VEHICLE INCENTIVES INCLUD- ING THE FEDERAL GOVERNMENT'S ROLE IN  FOSTERING RELIABLE AND RESILIENT ELECTRIC  VEHICLE SUPPLY CHAINS,department energy; electric vehicles; regulatory; tariffs; additional funding; renewable energy; amtrak; EPA; infrastructure law; energy security,department energy,electric vehicles,regulatory,tariffs,additional funding,renewable energy,amtrak,EPA,infrastructure law,energy security
118.0,"October 1, 1994",10.0,1,1994,PENDING LEGISLATION,natural resources; executive branch; hrg 118; department energy; idaho; EPA; pursuant notice; renewable energy; doi org; regulations,natural resources,executive branch,hrg 118,department energy,idaho,EPA,pursuant notice,renewable energy,doi org,regulations
118.0,"November 30, 2023",11.0,30,2023,OPPORTUNITIES AND CHALLENGES ASSOCIATED  WITH ADVANCED NUCLEAR REACTOR COMMER- CIALIZATION,reactors; energy security; idaho; hrg 118; nuclear; department energy; natural resources; EPA; doi org; renewable energy,reactors,energy security,idaho,hrg 118,nuclear,department energy,natural resources,EPA,doi org,renewable energy
118.0,na,,na,na,THE IMPLEMENTATION OF FEDERAL COAL MINE LAND RECLAMATION AND ABANDONED COAL MINE LAND ECONOMIC REVITALIZATION PROGRAMS,coal; natural resources; reauthorization; navajo nation; department energy; reclamation; stakeholder; renewable energy; tariffs; EPA,coal,natural resources,reauthorization,navajo nation,department energy,reclamation,stakeholder,renewable energy,tariffs,EPA
118.0,"November 1, 2023",11.0,1,2023,OPPORTUNITIES AND CHALLENGES IN DEPLOYING CARBON CAPTURE UTILIZATION  AND SEQUESTRATION AND DIRECT AIR CAPTURE TECHNOLOGIES ON FEDERAL AND  NON-FEDERAL LANDS,natural resources; executive branch; energy security; EPA; montana; proposal; methane; regulated; navajo nation; coal,natural resources,executive branch,energy security,EPA,montana,proposal,methane,regulated,navajo nation,coal
118.0,"September 
 29, 2023",9.0,29,2023,FEDERAL OFFSHORE ENERGY STRATEGY AND POLICIES,renewable energy; EPA; offshore; executive branch; department energy; navajo nation; Natural Gas; tariffs; energy security; montana,renewable energy,EPA,offshore,executive branch,department energy,navajo nation,Natural Gas,tariffs,energy security,montana
118.0,"November 3, 2023",11.0,3,2023,PENDING LEGISLATION,natural resources; legislative; forest service; department energy; hrg 118; EPA; utilization; mining; permits; assessments,natural resources,legislative,forest service,department energy,hrg 118,EPA,utilization,mining,permits,assessments
118.0,"October 6, 2023",10.0,6,2023,THE DEPARTMENT OF ENERGY'S DUE DILIGENCE  PROCESS FOR AWARDING COMPETITIVE  GRANTS AND LOANS FUNDED THROUGH THE  INFLATION REDUCTION ACT AND THE BIPAR- TISAN INFRASTRUCTURE LAW AND THE DE- PARTMENT'S OVERALL INNOVATION INVEST- MENT STRATEGY,department energy; additional funding; natural resources; renewable energy; inflation reduction; tariffs; valley bank; president's budget; regulated; EPA,department energy,additional funding,natural resources,renewable energy,inflation reduction,tariffs,valley bank,president's budget,regulated,EPA
118.0,na,,na,na,OPPORTUNITIES TO COUNTER THE PEOPLE'S REPUBLIC OF CHINA'S CONTROL OF CRITICAL MINERAL SUPPLY CHAINS THROUGH INCREASED MINING AND PROCESSING  IN THE UNITED STATES AS WELL AS INTERNATIONAL ENGAGEMENT AND TRADE,natural resources; energy security; trade commission; mining; EPA; navajo nation; tariffs; hrg 118; renewable energy; reactors,natural resources,energy security,trade commission,mining,EPA,navajo nation,tariffs,hrg 118,renewable energy,reactors
118.0,"May 
10, 2022",5.0,10,2022,DROUGHT IMPACTS ON DRINKING WATER ACCESS AND WATER AVAILABILITY,drought; water resources; EPA; idaho; water rights; regulated; renewable energy; basin; additional funding; indian water,drought,water resources,EPA,idaho,water rights,regulated,renewable energy,basin,additional funding,indian water
118.0,na,,na,na,RECENT ADVANCES IN ARTIFICIAL INTELLIGENCE AND THE DEPARTMENT OF ENERGY'S ROLE IN ENSURING U.S. COMPETITIVENESS AND SECURITY IN EMERGING TECHNOLOGIES,energy security; idaho; Natural Gas; department energy; EPA; renewable energy; hrg 118; executive branch; intelligence community; doi org,energy security,idaho,Natural Gas,department energy,EPA,renewable energy,hrg 118,executive branch,intelligence community,doi org
118.0,"June 30, 2022",6.0,30,2022,"OPPORTUNITIES FOR CONGRESS TO REFORM THE PROCESS FOR PERMITTING ELECTRIC TRANSMISSION LINES, PIPELINES, AND ENERGY PRODUCTION ON FEDERAL LANDS",department energy; tribal lands; regulatory; 2023 __________; Natural Gas; renewable energy; doi org; pipeline; executive branch; EPA,department energy,tribal lands,regulatory,2023 __________,Natural Gas,renewable energy,doi org,pipeline,executive branch,EPA
118.0,"May 18, 2023",5.0,18,2023,OVERSIGHT OF THE BUREAU OF RECLAMATION  AND PENDING LEGISLATION,EPA; water resources; doi org; renewable energy; valley bank; regulations; department energy; tribal lands; hrg 118; Natural Gas,EPA,water resources,doi org,renewable energy,valley bank,regulations,department energy,tribal lands,hrg 118,Natural Gas
118.0,"March 
 22, 2022",3.0,22,2022,ASSOCIATION AMENDMENTS ACT OF 2023,renewable energy; regulations; EPA; 2023 __________; natural resources; hrg 118; department energy; additional funding; amendments; idaho,renewable energy,regulations,EPA,2023 __________,natural resources,hrg 118,department energy,additional funding,amendments,idaho
118.0,"July 5, 
 2023",7.0,5,2023,PENDING LEGISLATION,natural resources; executive branch; energy security; hrg 118; EPA; forest service; regulations; doi org; navajo nation; USDA,natural resources,executive branch,energy security,hrg 118,EPA,forest service,regulations,doi org,navajo nation,USDA
118.0,"August 
 18, 2022",8.0,18,2022,PENDING LEGISLATION,renewable energy; regulations; EPA; natural resources; hrg 118; doi org; president's budget; energy security; park; department energy,renewable energy,regulations,EPA,natural resources,hrg 118,doi org,president's budget,energy security,park,department energy
118.0,"March 15, 2023",3.0,15,2023,THE FEDERAL RESPONSE TO ESCALATING WILDFIRES AND REFORMS TO LAND MANAGEMENT AND WILDLAND FIRE- FIGHTER RECRUITMENT AND RETENTION,wildfires; department energy; natural resources; navajo nation; responses written; regulated; Natural Gas; west virginia; crop insurance; partisan,wildfires,department energy,natural resources,navajo nation,responses written,regulated,Natural Gas,west virginia,crop insurance,partisan
118.0,na,,na,na,THE RELIABILITY AND RESILIENCY OF ELECTRIC SERVICE IN THE UNITED STATES IN LIGHT OF RECENT RELIABILITY ASSESSMENTS AND ALERTS,department energy; reliability; renewable energy; idaho; EPA; energy security; hrg 118; shortages; natural resources; sustainment,department energy,reliability,renewable energy,idaho,EPA,energy security,hrg 118,shortages,natural resources,sustainment
118.0,"May 8, 2023",5.0,8,2023,OPPORTUNITIES FOR CONGRESS TO REFORM THE PERMITTING PROCESS FOR ENERGY AND MINERAL PROJECTS,renewable energy; permitting; president's budget; doi org; idaho; natural resources; department energy; 2023 __________; EPA; need make,renewable energy,permitting,president's budget,doi org,idaho,natural resources,department energy,2023 __________,EPA,need make
118.0,na,,na,na,THE PRESIDENT'S BUDGET REQUEST FOR THE NATIONAL PARK SERVICE FOR FISCAL YEAR 2024,natural resources; president's budget; department energy; park; EPA; renewable energy; montana; pursuant notice; year 2022; doi org,natural resources,president's budget,department energy,park,EPA,renewable energy,montana,pursuant notice,year 2022,doi org
118.0,na,,na,na,OVERSIGHT OF THE FEDERAL ENERGY REGULATORY COMMISSION,department energy; regulatory; natural resources; EPA; energy security; executive branch; idaho; hrg 118; renewable energy; tariffs,department energy,regulatory,natural resources,EPA,energy security,executive branch,idaho,hrg 118,renewable energy,tariffs
118.0,"April 6, 2023",4.0,6,2023,THE PRESIDENT'S BUDGET REQUEST FOR THE U.S. DEPARTMENT OF THE INTERIOR FOR FISCAL YEAR 2024,president's budget; department energy; year 2022; session __________; doi org; natural resources; proposals; budget request; executive branch; fiscal year,president's budget,department energy,year 2022,session __________,doi org,natural resources,proposals,budget request,executive branch,fiscal year
118.0,"October 19, 2023",10.0,19,2023,THE PRESIDENT'S BUDGET REQUEST FOR THE DEPARTMENT OF ENERGY FOR FISCAL YEAR 2024,department energy; president's budget; natural resources; year 2022; renewable energy; idaho; regulated; EPA; executive branch; usda,department energy,president's budget,natural resources,year 2022,renewable energy,idaho,regulated,EPA,executive branch,usda
118.0,"March 24, 2022",3.0,24,2022,THE PRESIDENT'S BUDGET REQUEST FOR THE U.S. FOREST SERVICE FOR FISCAL YEAR 2024,president's budget; natural resources; department energy; forest service; year 2022; executive branch; renewable energy; additional funding; wyoming; EPA,president's budget,natural resources,department energy,forest service,year 2022,executive branch,renewable energy,additional funding,wyoming,EPA
118.0,na,,na,na,THE STEPS NEEDED TO ADDRESS THE CYBERSECURITY VULNERABILITIES TO THE UNITED STATES' ENERGY INFRASTRUCTURE,energy security; www govinfo; cybersecurity; EPA; department energy; critical infrastructure; pursuant notice; security council; net neutrality; regulations,energy security,www govinfo,cybersecurity,EPA,department energy,critical infrastructure,pursuant notice,security council,net neutrality,regulations
118.0,na,,na,na,THE NUCLEAR FUEL CYCLE,reactors; renewable energy; Natural Gas; navajo nation; EPA; fossil fuel; department energy; 2023 __________; cycle; doi org,reactors,renewable energy,Natural Gas,navajo nation,EPA,fossil fuel,department energy,2023 __________,cycle,doi org
118.0,"January 20, 2023",1.0,20,2023,THE IMPACT OF THE RUSSIAN FEDERATION'S WAR IN UKRAINE ON EUROPEAN AND  GLOBAL ENERGY SECURITY ONE YEAR AFTER THE INVASION,energy security; invasion ukraine; alaska native; natural resources; whitehouse thank; federation; hrg 118; sanctions; department energy; partisan,energy security,invasion ukraine,alaska native,natural resources,whitehouse thank,federation,hrg 118,sanctions,department energy,partisan
118.0,"January 27, 2023",1.0,27,2023,THE STATE OF THE U.S. TERRITORIES,department energy; tribal lands; Natural Gas; EPA; idaho; renewable; natural resources; energy security; hrg 118; regulated,department energy,tribal lands,Natural Gas,EPA,idaho,renewable,natural resources,energy security,hrg 118,regulated
118.0,"October 25, 2022",10.0,25,2022,THE DEPARTMENT OF ENERGY'S IMPLEMENTATION OF THE INFRASTRUCTURE INVESTMENT AND JOBS ACT,department energy; tribal lands; renewable energy; regulatory; energy security; EPA; tax policy; doi org; utilization; executive branch,department energy,tribal lands,renewable energy,regulatory,energy security,EPA,tax policy,doi org,utilization,executive branch
118.0,na,,na,na,UNDERSTANDING THE POTENTIAL ENVIRONMENTAL IMPACTS OF THE CHEMICAL 6PPD,EPA; west virginia; partisan; chemicals; important hearing; cited; settlement act; environmental; 2026; material submitted,EPA,west virginia,partisan,chemicals,important hearing,cited,settlement act,environmental,2026,material submitted
118.0,na,,na,na,BUSINESS MEETING,EPA; whitehouse thank; partisan; met pursuant; west virginia; year 2022; executive branch; printed; reservations; american public,EPA,whitehouse thank,partisan,met pursuant,west virginia,year 2022,executive branch,printed,reservations,american public
118.0,na,,na,na,"AVOIDING, DETECTING AND CAPTURING  METHANE EMISSIONS FROM LANDFILLS",EPA; methane; year 2022; merkley; emissions; candidates; navajo nation; pursuant notice; CDC; executive branch,EPA,methane,year 2022,merkley,emissions,candidates,navajo nation,pursuant notice,CDC,executive branch
118.0,na,,na,na,"IIJA INVESTMENTS IN HABITAT AND ECOSYSTEM RESTORATION, POLLINATORS, AND WILDLIFE CROSSINGS",EPA; habitat; partisan; additional funding; west virginia; reservations; year 2022; USDA; pursuant notice; whitehouse thank,EPA,habitat,partisan,additional funding,west virginia,reservations,year 2022,USDA,pursuant notice,whitehouse thank
118.0,"November 
15, 2021",11.0,15,2021,OPPORTUNITIES IN INDUSTRIAL,EPA; west virginia; year 2024; legislative; whitehouse thank; cramer; sustainment; climate change; farms; renewable energy,EPA,west virginia,year 2024,legislative,whitehouse thank,cramer,sustainment,climate change,farms,renewable energy
118.0,na,,na,na,CHALLENGES AND OPPORTUNITIES TO FACILITATE WILDLIFE MOVEMENT AND IMPROVE MIGRATION CORRIDORS,wildlife; executive branch; EPA; reservations; campaigns; new hampshire; USDA; climate change; pursuant notice; fisheries,wildlife,executive branch,EPA,reservations,campaigns,new hampshire,USDA,climate change,pursuant notice,fisheries
118.0,na,,na,na,ACCESSING CLEAN WATER INFRASTRUCTURE,EPA; west virginia; legislative; water rights; whitehouse thank; public health; farms; humanitarian assistance; sustainment; basin,EPA,west virginia,legislative,water rights,whitehouse thank,public health,farms,humanitarian assistance,sustainment,basin
118.0,"October 4, 2023",10.0,4,2023,HOW CLIMATE CHANGE IS FUELING SEVERE WEATHER EVENTS,climate change; EPA; west virginia; partisan; extreme weather; events; 19 pandemic; durbin thank; responses written; wildfires,climate change,EPA,west virginia,partisan,extreme weather,events,19 pandemic,durbin thank,responses written,wildfires
118.0,"June 17, 2022",6.0,17,2022,EXAMINING THE IMPLICATIONS OF SACKETT V. U.S. ENVIRONMENTAL PROTECTION AGENC WETLANDS AND STREAMS,EPA; partisan; virginia; water rights; public policy; conservation; appropriations; cited; tribal lands; adjourned,EPA,partisan,virginia,water rights,public policy,conservation,appropriations,cited,tribal lands,adjourned
118.0,na,,na,na,OVERSIGHT OF THE GENERAL SERVICES,EPA; executive branch; district columbia; appropriations; cramer; USDA; amended; stakeholder; public policy; attorney general,EPA,executive branch,district columbia,appropriations,cramer,USDA,amended,stakeholder,public policy,attorney general
118.0,"September 20, 2023",9.0,20,2023,DRINKING WATER INFRASTRUCTURE AND TRIBAL COMMUNITIES,EPA; tribal lands; water rights; legislative; fisheries; mr powell; west virginia; creek; 2020; public health,EPA,tribal lands,water rights,legislative,fisheries,mr powell,west virginia,creek,2020,public health
118.0,na,,na,na,EXAMINING THE EFFECTS OF EXTREME HEAT AND WEATHER ON TRANSPORTATION,climate change; forward hearing; department energy; partisan; public safety; EPA; west virginia; responses written; reservations; adjourned,climate change,forward hearing,department energy,partisan,public safety,EPA,west virginia,responses written,reservations,adjourned
118.0,"June 13, 2023",6.0,13,2023,"THE DRINKING WATER AND WASTEWATER INFRASTRUCTURE ACT, PART II",EPA; legislative; water rights; wastewater; west virginia; whitehouse thank; year 2024; public policy; regulations; navajo nation,EPA,legislative,water rights,wastewater,west virginia,whitehouse thank,year 2024,public policy,regulations,navajo nation
118.0,na,,na,na,IMPROVING CAPACITY FOR CRITICAL MINERAL RECOVERY THROUGH ELECTRONIC WASTE  RECYCLING AND REUSE,EPA; critical minerals; west virginia; president's budget; material submitted; restoration; deposits; legislative; shortage; doi org,EPA,critical minerals,west virginia,president's budget,material submitted,restoration,deposits,legislative,shortage,doi org
118.0,"July 20, 2023",7.0,20,2023,THE WATER RESOURCES DEVELOPMENT ACT,EPA; water resources; 2024; west virginia; legislative; climate change; stakeholder; water rights; president's budget; USDA,EPA,water resources,2024,west virginia,legislative,climate change,stakeholder,water rights,president's budget,USDA
118.0,na,,na,na,REAUTHORIZATION OF THE ECONOMIC,EPA; reauthorization; president's budget; west virginia; legislative; biden administration; sustainment; year 2024; navajo nation; USDA,EPA,reauthorization,president's budget,west virginia,legislative,biden administration,sustainment,year 2024,navajo nation,USDA
118.0,"May 31, 
 2023",5.0,31,2023,BUSINESS MEETING,EPA; whitehouse thank; partisan; met pursuant; virginia; year 2022; executive branch; doi org; reservations; printed,EPA,whitehouse thank,partisan,met pursuant,virginia,year 2022,executive branch,doi org,reservations,printed
118.0,na,,na,na,PERSPECTIVES ON ECOSYSTEM RESTORATION PROJECTS OF THE U.S. ARMY CORPS OF ENGINEERS,EPA; ecosystem; west virginia; restoration; renewable; USDA; legislative; whitehouse thank; environmental; tribal lands,EPA,ecosystem,west virginia,restoration,renewable,USDA,legislative,whitehouse thank,environmental,tribal lands
118.0,"May 31, 2023",5.0,31,2023,WATER AFFORDABILITY AND SMALL SYSTEM ASSISTANCE,EPA; water rights; west virginia; fisheries; budget request; legislative; USDA; sustainment; reservations; pursuant notice,EPA,water rights,west virginia,fisheries,budget request,legislative,USDA,sustainment,reservations,pursuant notice
118.0,"April 10, 2023",4.0,10,2023,OPPORTUNITIES TO IMPROVE PROJECT REVIEWS FOR A CLEANER AND STRONGER ECONOMY,EPA; president's budget; partisan; improvements; merkley; executive branch; assess; public policy; forward hearing; USDA,EPA,president's budget,partisan,improvements,merkley,executive branch,assess,public policy,forward hearing,USDA
118.0,na,,na,na,THE U.S. FISH AND WILDLIFE SERVICE'S  PROPOSED FISCAL YEAR 2024 BUDGET,EPA; president's budget; west virginia; 2020; legislative; fisheries; USDA; climate change; public health; pursuant notice,EPA,president's budget,west virginia,2020,legislative,fisheries,USDA,climate change,public health,pursuant notice
118.0,"February 6, 2023",2.0,6,2023,HEARING ON THE NOMINATION OF JEFFERY BARAN TO BE A MEMBER OF THE NUCLEAR REGULATORY COMMISSION,EPA; nomination; forward hearing; nuclear; executive branch; merkley; hrg 118; navajo nation; cramer; regulatory,EPA,nomination,forward hearing,nuclear,executive branch,merkley,hrg 118,navajo nation,cramer,regulatory
118.0,na,,na,na,U.S. ARMY CORPS BUDGET 2024 AND IMPLEMENTATION OF WATER RESOURCES  DEVELOPMENT ACT OF 2022,EPA; 2022; president's budget; water resources; west virginia; partisan; pursuant notice; readiness; climate change; reservations,EPA,2022,president's budget,water resources,west virginia,partisan,pursuant notice,readiness,climate change,reservations
118.0,na,,na,na,OPPORTUNITIES TO IMPROVE PROJECT REVIEWS FOR A CLEANER AND STRONGER ECONOMY,EPA; president's budget; west virginia; partisan; improvements; executive branch; public policy; assess; 2020; whitehouse thank,EPA,president's budget,west virginia,partisan,improvements,executive branch,public policy,assess,2020,whitehouse thank
118.0,na,,na,na,BUSINESS MEETING,EPA; whitehouse thank; partisan; met pursuant; virginia; executive branch; 2020; doi org; reservations; climate change,EPA,whitehouse thank,partisan,met pursuant,virginia,executive branch,2020,doi org,reservations,climate change
118.0,na,,na,na,PUBLIC HEALTH,EPA; public health; legislation; clean energy; durbin thank; emissions; Veterans Affairs; candidates; president's budget; idaho,EPA,public health,legislation,clean energy,durbin thank,emissions,Veterans Affairs,candidates,president's budget,idaho
118.0,"June 21, 2022",6.0,21,2022,HEALTHIER AIR FOR DOWNWIND STATES,EPA; west virginia; whitehouse thank; public health; regulations; partisan; USDA; forward hearing; Natural Gas; climate change,EPA,west virginia,whitehouse thank,public health,regulations,partisan,USDA,forward hearing,Natural Gas,climate change
118.0,"March 10, 2023",3.0,10,2023,THE U.S. ENVIRONMENTAL PROTECTION AGENCY'S PROPOSED FISCAL YEAR 2024 BUDGET,EPA; president's budget; year 2024; legislative; cramer; sustainable; USDA; public policy; durbin thank; west virginia,EPA,president's budget,year 2024,legislative,cramer,sustainable,USDA,public policy,durbin thank,west virginia
118.0,"March 6, 2023",3.0,6,2023,THE DRINKING WATER AND WASTEWATER INFRASTRUCTURE ACT,EPA; legislative; water rights; wastewater; west virginia; whitehouse thank; public policy; regulations; 2020; valley bank,EPA,legislative,water rights,wastewater,west virginia,whitehouse thank,public policy,regulations,2020,valley bank
118.0,"February 26, 2023",2.0,26,2023,"HEARING ON THE NOMINATION OF JOSEPH GOFFMAN TO BE ASSISTANT ADMINISTRATOR FOR THE OFFICE OF AIR AND RADIATION, AT THE ENVIRONMENTAL PROTECTION AGENCY",EPA; nomination; Veterans Affairs; forward hearing; executive branch; cramer; merkley; screening; bureau; public health,EPA,nomination,Veterans Affairs,forward hearing,executive branch,cramer,merkley,screening,bureau,public health
118.0,"January 1, 2024",1.0,1,2024,HOME HEALTH IN ACCESS TO CARE,access care; Health Plans; filed; md; medicaid; deficits; home care; older americans; Veterans Affairs; regulatory,access care,Health Plans,filed,md,medicaid,deficits,home care,older americans,Veterans Affairs,regulatory
118.0,"December 27, 2013",,27,2013,THE COST OF INACTION AND THE URGENT NEED TO REFORM THE U.S. TRANSPLANT SYSTEM,medicare; additional funding; settlement act; idaho; transplant; reform; filed; FDA; president's budget; shortages,medicare,additional funding,settlement act,idaho,transplant,reform,filed,FDA,president's budget,shortages
118.0,"March 6, 2021",3.0,6,2021,ASSESSING 25 YEARS OF THE,tax credit; child tax; filed; deficits; irs; valley bank; appropriations; Tax Cuts; fiscal; tax policy,tax credit,child tax,filed,deficits,irs,valley bank,appropriations,Tax Cuts,fiscal,tax policy
118.0,"June 15, 2023",6.0,15,2023,CATTLE SUPPLY CHAINS AND  DEFORESTATION OF THE AMAZON,cattle; appropriations; USDA; deforestation; regulatory; tribal lands; farmers ranchers; mr powell; cramer; amazon,cattle,appropriations,USDA,deforestation,regulatory,tribal lands,farmers ranchers,mr powell,cramer,amazon
118.0,"March 6, 2021",3.0,6,2021,ANTI-POVERTY AND FAMILY SUPPORT  PROVISIONS IN THE TAX CODE,tax code; Tax Cuts; valley bank; appropriations; income families; filed; taxpayer; tax policy; cramer; irs,tax code,Tax Cuts,valley bank,appropriations,income families,filed,taxpayer,tax policy,cramer,irs
118.0,"October 9, 
2018",10.0,9,2018,CONSOLIDATION AND CORPORATE OWNERSHIP,access care; bankruptcy; additional funding; tax gap; Health Plans; regulatory; consolidated; md; deficits; affordability,access care,bankruptcy,additional funding,tax gap,Health Plans,regulatory,consolidated,md,deficits,affordability
118.0,"December 31, 2021",,31,2021,THE SMALL BUSINESS PERSPECTIVE,irs; tax gap; small businesses; president's budget; tax policy; leverage; bankruptcy; tax credit; income families; fiscal,irs,tax gap,small businesses,president's budget,tax policy,leverage,bankruptcy,tax credit,income families,fiscal
118.0,"May 17, 2023",5.0,17,2023,TAX INCENTIVES IN THE INFLATION,Tax Cuts; department energy; inflation reduction; irs; president's budget; fiscal; tax policy; leverage; treasury; additional funding,Tax Cuts,department energy,inflation reduction,irs,president's budget,fiscal,tax policy,leverage,treasury,additional funding
118.0,"May 12, 2023",5.0,12,2023,IMPROVING HEALTH CARE,rural health; access care; fiscal; medicaid; Health Plans; valley bank; additional funding; md; crop insurance; Veterans Affairs,rural health,access care,fiscal,medicaid,Health Plans,valley bank,additional funding,md,crop insurance,Veterans Affairs
118.0,"May 15, 2023",5.0,15,2023,HOUSE REPUBLICAN SUPPLEMENTAL IRS FUNDING,Tax Cuts; treasury department; additional funding; fiscal year; irs; deficits; president's budget; appropriations; partisan; screening,Tax Cuts,treasury department,additional funding,fiscal year,irs,deficits,president's budget,appropriations,partisan,screening
118.0,"September 30, 2025",9.0,30,2025,ECONOMIC COOPERATION FOR A STRONGER AND MORE RESILIENT WESTERN HEMISPHERE,trade commission; fiscal; leverage; usda; tariffs; west virginia; executive branch; cfpb; finance; consensus,trade commission,fiscal,leverage,usda,tariffs,west virginia,executive branch,cfpb,finance,consensus
118.0,"May 9, 2023",5.0,9,2023,MANUFACTURERS AND U.S. INTERNATIONAL TAX POLICY,irs; FDA; tariffs; additional funding; Tax Cuts; district columbia; fy 2024; financial institutions; cramer; constituents,irs,FDA,tariffs,additional funding,Tax Cuts,district columbia,fy 2024,financial institutions,cramer,constituents
118.0,"May 3, 2023",5.0,3,2023,PROVIDER DIRECTORY ACCURACY TO REDUCE  THE PREVALENCE OF GHOST NETWORKS,access care; Tax Cuts; mental health; bureau; Health Plans; md; barriers; Veterans Affairs; disability; bankruptcy,access care,Tax Cuts,mental health,bureau,Health Plans,md,barriers,Veterans Affairs,disability,bankruptcy
118.0,"December 31, 2025",,31,2025,THE PRESIDENT'S FISCAL YEAR 2024 IRS BUDGET AND THE IRS'S 2023 FILING,fiscal; filed; irs; president's budget; fy 2024; Tax Cuts; valley bank; treasury department; executive branch; cramer,fiscal,filed,irs,president's budget,fy 2024,Tax Cuts,valley bank,treasury department,executive branch,cramer
118.0,"March 22, 2023",3.0,22,2023,PHARMACY BENEFIT MANAGERS AND THE,prescription; pharmacy benefit; drug prices; FDA; fiscal; medicare; pharmacies; district columbia; md; additional funding,prescription,pharmacy benefit,drug prices,FDA,fiscal,medicare,pharmacies,district columbia,md,additional funding
118.0,"January 3, 2023",1.0,3,2023,AND ADDRESSING HEALTH DISPARITIES,Health Plans; oral health; deficits; idaho; md; regulatory; disability; access care; public health; statement record,Health Plans,oral health,deficits,idaho,md,regulatory,disability,access care,public health,statement record
118.0,"November 30, 2022",11.0,30,2022,THE PRESIDENT'S 2023 TRADE POLICY AGENDA,president's budget; trade commission; fy 2024; finance; tax policy; treasury department; executive branch; idaho; tariffs; appropriations,president's budget,trade commission,fy 2024,finance,tax policy,treasury department,executive branch,idaho,tariffs,appropriations
118.0,"February 25, 2023",2.0,25,2023,THE PRESIDENT'S FISCAL YEAR 2024  HEALTH AND HUMAN SERVICES BUDGET,president's budget; filed; Health Plans; fiscal year; Tax Cuts; department treasury; additional funding; debt; hrsa; deficits,president's budget,filed,Health Plans,fiscal year,Tax Cuts,department treasury,additional funding,debt,hrsa,deficits
118.0,"March 16, 2023",3.0,16,2023,THE PRESIDENT'S FISCAL YEAR 2024 BUDGET WITH TREASURY SECRETARY JANET  L. YELLEN,president's budget; treasury department; fiscal year; finance; appropriations; deficits; executive branch; filed; fy 2024; secretary yellen,president's budget,treasury department,fiscal year,finance,appropriations,deficits,executive branch,filed,fy 2024,secretary yellen
118.0,"March 2, 
2023",3.0,2,2023,TAX POLICY'S ROLE IN INCREASING AFFORDABLE HOUSING SUPPLY FOR WORKING,tax policy; income housing; president's budget; filed; Tax Cuts; american families; appropriations; settlement act; subsidies; fiscal,tax policy,income housing,president's budget,filed,Tax Cuts,american families,appropriations,settlement act,subsidies,fiscal
118.0,"July 25, 
2022",7.0,25,2022,"ENDING TRADE THAT CHEATS AMERICAN WORKERS BY MODERNIZING TRADE LAWS AND ENFORCEMENT, FIGHTING FORCED LABOR, ELIMINATING COUNTERFEITS, AND LEVELING THE PLAYING FIELD",trade commission; Tax Cuts; settlement act; counterterrorism; valley bank; treasury; tariffs; department labor; documented; hrg 118,trade commission,Tax Cuts,settlement act,counterterrorism,valley bank,treasury,tariffs,department labor,documented,hrg 118
118.0,"March 5, 2022",3.0,5,2022,NOMINATION OF DANIEL I. WERFEL,treasury department; nominee; financing; filed; president's budget; daniel; fed; irs; trade commission; biden administration,treasury department,nominee,financing,filed,president's budget,daniel,fed,irs,trade commission,biden administration
118.0,"December 14, 2012",,14,2012,IMPLEMENTATION OF THE GLOBAL MAGNITSKY LAWS,foreign relations; pursuant notice; executive branch; fy 2024; booker; usda; partisan; forward hearing; reduction act; guam,foreign relations,pursuant notice,executive branch,fy 2024,booker,usda,partisan,forward hearing,reduction act,guam
118.0,"May 28, 2019",5.0,28,2019,CYBERSPACE UNDER THREAT IN THE ERA OF RISING AUTHORITARIANISM AND GLOBAL COMPETITION,national security; foreign relations; net neutrality; trade commission; secretary kendall; governmental affairs; partisan; cyber; biden administration; undermine,national security,foreign relations,net neutrality,trade commission,secretary kendall,governmental affairs,partisan,cyber,biden administration,undermine
118.0,"February 16, 2024",2.0,16,2024,ANTI-NGO LAWS AND OTHER TOOLS OF DEMOCRATIC REPRESSION,partisan; foreign assistance; indian affairs; state department; biden administration; 2023 https; national security; foreign relations; executive branch; violations,partisan,foreign assistance,indian affairs,state department,biden administration,2023 https,national security,foreign relations,executive branch,violations
118.0,na,,na,na,ASSESSING U.S. COMPETITIVENESS BEYOND THE INDO-PACIFIC,foreign relations; partisan; trade commission; biden administration; competitiveness; guam; sec; 2023 __________; security interests; states,foreign relations,partisan,trade commission,biden administration,competitiveness,guam,sec,2023 __________,security interests,states
118.0,"February 24, 2022",2.0,24,2022,THE FUTURE OF EUROPE,foreign relations; security council; president's budget; new hampshire; pursuant notice; partisan; biden administration; fy 2024; trade commission; european union,foreign relations,security council,president's budget,new hampshire,pursuant notice,partisan,biden administration,fy 2024,trade commission,european union
118.0,"January 20, 2025",1.0,20,2025,FISCAL YEAR 2025 BUDGET REQUEST FOR THE MIDDLE EAST AND NORTH AFRICA,president's budget; foreign relations; 2022; hrsa; new hampshire; candidates; treasury department; executive branch; foreign assistance; biden administration,president's budget,foreign relations,2022,hrsa,new hampshire,candidates,treasury department,executive branch,foreign assistance,biden administration
118.0,"January 27, 2021",1.0,27,2021,AMERICAN DIPLOMACY AND GLOBAL,president's budget; foreign relations; fy 2024; state department; partisan; biden administration; durbin thank; executive branch; foreign assistance; proposals,president's budget,foreign relations,fy 2024,state department,partisan,biden administration,durbin thank,executive branch,foreign assistance,proposals
118.0,"May 
30, 2023",5.0,30,2023,BUILDING A DEPARTMENT TO ADDRESS 21ST CENTURY CHALLENGES,foreign relations; state department; candidates; biden administration; memorandum; president's budget; guam; executive branch; fy 2024; indian affairs,foreign relations,state department,candidates,biden administration,memorandum,president's budget,guam,executive branch,fy 2024,indian affairs
118.0,"May 14, 
 2024",5.0,14,2024,THE FUTURE OF ARMS CONTROL AND DETERRENCE,foreign relations; pursuant notice; new hampshire; 2025; vice chair; partisan; trade commission; biden administration; defense authorization; guam,foreign relations,pursuant notice,new hampshire,2025,vice chair,partisan,trade commission,biden administration,defense authorization,guam
118.0,"October 
12, 2022",10.0,12,2022,U.S. POLICY ON TAIWAN,foreign relations; security council; guam; secretary kendall; executive order; security interests; biden administration; partisan; memorandum; usda,foreign relations,security council,guam,secretary kendall,executive order,security interests,biden administration,partisan,memorandum,usda
118.0,na,,na,na,MODERNIZING U.S. ALLIANCES AND PARTNERSHIPS IN THE INDO-PACIFIC,foreign relations; indo pacific; memorandum; alliances; indian affairs; executive branch; usda; partisan; biden administration; durbin thank,foreign relations,indo pacific,memorandum,alliances,indian affairs,executive branch,usda,partisan,biden administration,durbin thank
118.0,"April 3, 2024",4.0,3,2024,FISCAL YEAR 2025 UNITED STATES AGENCY FOR INTERNATIONAL DEVELOPMENT  BUDGET REQUEST,president's budget; foreign relations; state department; fy 2024; candidates; memorandum; biden administration; foreign assistance; trade commission; usda,president's budget,foreign relations,state department,fy 2024,candidates,memorandum,biden administration,foreign assistance,trade commission,usda
118.0,"November 18, 2022",11.0,18,2022,IMPLEMENTATION OF THE U.S. ANTI-CORRUPTION STRATEGY,anti corruption; foreign relations; president's budget; state department; candidates; executive order; biden administration; fy 2024; scrutiny; trade commission,anti corruption,foreign relations,president's budget,state department,candidates,executive order,biden administration,fy 2024,scrutiny,trade commission
118.0,na,,na,na,U.S. STRATEGY IN THE PACIFIC ISLANDS REGION,foreign relations; ncua; guam; candidates; memorandum; executive branch; department homeland; waiver; new hampshire; pacific,foreign relations,ncua,guam,candidates,memorandum,executive branch,department homeland,waiver,new hampshire,pacific
118.0,"December 5, 2023",,5,2023,GLOBAL FOOD SECURITY,foreign relations; food security; new hampshire; executive branch; usda; memorandum; partisan; secretary kendall; biden administration; concerns,foreign relations,food security,new hampshire,executive branch,usda,memorandum,partisan,secretary kendall,biden administration,concerns
118.0,"February 28, 2024",2.0,28,2024,BEFORE THE,partisan; foreign assistance; iranian; security council; indian affairs; executive branch; new mexico; foreign relations; secretary blinken; Veterans Affairs,partisan,foreign assistance,iranian,security council,indian affairs,executive branch,new mexico,foreign relations,secretary blinken,Veterans Affairs
118.0,"January 12, 2024",1.0,12,2024,YEMEN AND RED SEA SECURITY ISSUES,foreign relations; yemen; defense authorization; executive branch; partisan; guam; memorandum; department homeland; biden administration; indian affairs,foreign relations,yemen,defense authorization,executive branch,partisan,guam,memorandum,department homeland,biden administration,indian affairs
118.0,"September 11, 2001",9.0,11,2001,SUCCESSES AND PLANNING FOR THE FUTURE,treaty; new hampshire; foreign assistance; vice president; foreign relations; national association; nato; guam; partisan; memorandum,treaty,new hampshire,foreign assistance,vice president,foreign relations,national association,nato,guam,partisan,memorandum
118.0,"January 3, 2024",1.0,3,2024,"CONGRESS, SECOND SESSION,",nomination; foreign relations; partisan; ted cruz; biden administration; 2025; new hampshire; secretary kendall; vice chair; hrg 118,nomination,foreign relations,partisan,ted cruz,biden administration,2025,new hampshire,secretary kendall,vice chair,hrg 118
118.0,na,,na,na,S. HRG. 118-624,nominations; foreign relations; 2022; deputy secretary; hrg 118; president's budget; president biden; session __________; partisan; general garland,nominations,foreign relations,2022,deputy secretary,hrg 118,president's budget,president biden,session __________,partisan,general garland
118.0,"December 2, 2023",,2,2023,TARGETING DISSENTERS ABROAD,foreign relations; repression; partisan; executive order; new mexico; neutrality; homeland security; scrutiny; regimes; sanctions,foreign relations,repression,partisan,executive order,new mexico,neutrality,homeland security,scrutiny,regimes,sanctions
118.0,"November 30, 2023",11.0,30,2023,U.S. LEADERSHIP ON ARTIFICIAL INTELLIGENCE  IN AN ERA OF STRATEGIC COMPETITION,partisan; trade commission; executive order; biden administration; moore; intelligence community; guam; state department; director national; foreign relations,partisan,trade commission,executive order,biden administration,moore,intelligence community,guam,state department,director national,foreign relations
118.0,"February 24, 2022",2.0,24,2022,U.S. NATIONAL SECURITY INTERESTS IN UKRAINE,security interests; new hampshire; partisan; foreign assistance; biden administration; treaty; foreign relations; filed; support ukraine; jbs,security interests,new hampshire,partisan,foreign assistance,biden administration,treaty,foreign relations,filed,support ukraine,jbs
118.0,na,,na,na,ASSESSING THE DEPARTMENT OF STATE'S STRATEGY FOR SECURITY IN THE BLACK SEA REGION,security interests; state department; partisan; secretary defense; foreign relations; coast guard; executive branch; biden administration; territories; homeland security,security interests,state department,partisan,secretary defense,foreign relations,coast guard,executive branch,biden administration,territories,homeland security
118.0,"October 20, 2022",10.0,20,2022,IMPLICATIONS FOR U.S. POLICY,foreign relations; instability; new hampshire; president's budget; booker; concerns; partisan; memorandum; 2022; indian affairs,foreign relations,instability,new hampshire,president's budget,booker,concerns,partisan,memorandum,2022,indian affairs
118.0,"September 9, 2022",9.0,9,2022,SECURITY ON THE KOREAN PENINSULA,foreign relations; security council; cruz; guam; partisan; sec; biden administration; security interests; state department; secretary defense,foreign relations,security council,cruz,guam,partisan,sec,biden administration,security interests,state department,secretary defense
118.0,"October 4, 2023",10.0,4,2023,BUILD ACT REAUTHORIZATION AND DEVELOPMENT FINANCE CORPORATION OVERSIGHT,foreign assistance; partisan; trade commission; indian affairs; pursuant notice; biden administration; new hampshire; filed; security interests; executive branch,foreign assistance,partisan,trade commission,indian affairs,pursuant notice,biden administration,new hampshire,filed,security interests,executive branch
118.0,"October 27, 
2022",10.0,27,2022,ASSESSING THE CRISIS IN NAGORNO KARABAKH,foreign relations; new hampshire; president's budget; crises; pursuant notice; cruz; fy 2024; biden administration; partisan; concerns,foreign relations,new hampshire,president's budget,crises,pursuant notice,cruz,fy 2024,biden administration,partisan,concerns
118.0,"May 19, 2023",5.0,19,2023,FISCAL YEAR 2024 BUDGET PRIORITIES  FOR THE WESTERN HEMISPHERE,foreign relations; president's budget; new hampshire; hrsa; fy 2024; partisan; biden administration; western hemisphere; Veterans Affairs; executive branch,foreign relations,president's budget,new hampshire,hrsa,fy 2024,partisan,biden administration,western hemisphere,Veterans Affairs,executive branch
118.0,na,,na,na,INTERNATIONAL RESPONSE,foreign relations; department homeland; biden administration; fy 2024; guam; pact act; foreign assistance; partisan; Veterans Affairs; durbin thank,foreign relations,department homeland,biden administration,fy 2024,guam,pact act,foreign assistance,partisan,Veterans Affairs,durbin thank
118.0,"May 19, 2022",5.0,19,2022,ADDRESSING ECONOMIC COERCION AND INCREASING COMPETITIVENESS,foreign relations; trade commission; president's budget; new hampshire; economic security; candidates; memorandum; biden administration; coercion; executive order,foreign relations,trade commission,president's budget,new hampshire,economic security,candidates,memorandum,biden administration,coercion,executive order
118.0,na,,na,na,EXAMINING U.S. AND GLOBAL COMMITMENTS  TO COMBATTING HUMAN TRAFFICKING,human trafficking; partisan; foreign assistance; booker; new mexico; trade commission; indian affairs; homeland security; forward hearing; pact act,human trafficking,partisan,foreign assistance,booker,new mexico,trade commission,indian affairs,homeland security,forward hearing,pact act
118.0,"January 3, 2023",1.0,3,2023,STATE DEPARTMENT SERVICES FOR THE,state department; foreign relations; hrsa; candidates; executive branch; foreign assistance; Veterans Affairs; memorandum; guam; biden administration,state department,foreign relations,hrsa,candidates,executive branch,foreign assistance,Veterans Affairs,memorandum,guam,biden administration
118.0,na,,na,na,ALIGNING TRANSATLANTIC  APPROACHES ON CHINA,foreign relations; trade commission; delaware; executive order; memorandum; candidates; 2023 __________; biden administration; usda; foreign assistance,foreign relations,trade commission,delaware,executive order,memorandum,candidates,2023 __________,biden administration,usda,foreign assistance
118.0,"June 1, 2023",6.0,1,2023,ACCOUNTABILITY FOR RUSSIAN  ATROCITIES IN UKRAINE,sanctions; new hampshire; partisan; accountability office; support ukraine; biden administration; allegations; 19 pandemic; anti corruption; rubio,sanctions,new hampshire,partisan,accountability office,support ukraine,biden administration,allegations,19 pandemic,anti corruption,rubio
118.0,"July 25, 2021",7.0,25,2021,FISCAL YEAR 2024 BUDGET REQUEST FOR  THE MIDDLE EAST AND NORTH AFRICA,president's budget; foreign relations; 2023 __________; new hampshire; hrsa; memorandum; partisan; foreign assistance; biden administration; durbin thank,president's budget,foreign relations,2023 __________,new hampshire,hrsa,memorandum,partisan,foreign assistance,biden administration,durbin thank
118.0,na,,na,na,ASSESSING U.S. POLICY TOWARDS  THE WESTERN BALKANS,foreign relations; tennessee; executive branch; forward hearing; partisan; usda; fy 2024; memorandum; guam; concerns,foreign relations,tennessee,executive branch,forward hearing,partisan,usda,fy 2024,memorandum,guam,concerns
118.0,"February 24, 2022",2.0,24,2022,WHAT COMES NEXT FOR U.S. POLICY,foreign policy; 2023; state department; cruz; president's budget; proposals; partisan; executive order; security council; biden administration,foreign policy,2023,state department,cruz,president's budget,proposals,partisan,executive order,security council,biden administration
118.0,"May 10, 2023",5.0,10,2023,EFFECTIVE POLICY RESPONSE,sudan; conflicts; foreign assistance; indian affairs; biden administration; fy 2024; foreign relations; partisan; state department; memorandum,sudan,conflicts,foreign assistance,indian affairs,biden administration,fy 2024,foreign relations,partisan,state department,memorandum
118.0,"December 1, 2022",,1,2022,BEFORE THE,foreign relations; state department; biden administration; partisan; united nations; guam; memorandum; trade commission; security interests; executive branch,foreign relations,state department,biden administration,partisan,united nations,guam,memorandum,trade commission,security interests,executive branch
118.0,"May 26, 2022",5.0,26,2022,FISCAL YEAR 2024 BUDGET REQUEST FOR  EAST ASIA AND THE PACIFIC,foreign relations; president's budget; 2023 __________; state department; indo pacific; biden administration; cruz; security interests; foreign assistance; memorandum,foreign relations,president's budget,2023 __________,state department,indo pacific,biden administration,cruz,security interests,foreign assistance,memorandum
118.0,"October 24, 2021",10.0,24,2021,REVIEW OF THE FISCAL YEAR 2024 UNITED STATES AGENCY FOR INTERNATIONAL DEVELOPMENT BUDGET,president's budget; foreign relations; fy 2024; state department; foreign assistance; candidates; executive branch; appropriations; usda; memorandum,president's budget,foreign relations,fy 2024,state department,foreign assistance,candidates,executive branch,appropriations,usda,memorandum
118.0,"April 19, 2023",4.0,19,2023,SUSTAINING EPIDEMIC CONTROL,foreign relations; 19 pandemic; state department; ricketts; ted cruz; fy 2024; president's budget; partisan; humanitarian assistance; durbin thank,foreign relations,19 pandemic,state department,ricketts,ted cruz,fy 2024,president's budget,partisan,humanitarian assistance,durbin thank
118.0,na,,na,na,U.S. SUPPORT OF DEMOCRACY AND  HUMAN RIGHTS,foreign relations; reauthorization; new hampshire; candidates; human rights; biden administration; forward hearing; executive order; Veterans Affairs; memorandum,foreign relations,reauthorization,new hampshire,candidates,human rights,biden administration,forward hearing,executive order,Veterans Affairs,memorandum
118.0,"January 17, 2022",1.0,17,2022,AMERICAN DIPLOMACY AND GLOBAL,president's budget; foreign relations; state department; 2023 __________; biden administration; partisan; durbin thank; executive branch; proposals; foreign assistance,president's budget,foreign relations,state department,2023 __________,biden administration,partisan,durbin thank,executive branch,proposals,foreign assistance
118.0,"March 16, 2023",3.0,16,2023,THE FUTURE OF U.S.-BRAZIL RELATIONS,foreign relations; new hampshire; president's budget; cruz; memorandum; 2023 __________; partisan; biden administration; usda; guam,foreign relations,new hampshire,president's budget,cruz,memorandum,2023 __________,partisan,biden administration,usda,guam
118.0,"March 9, 
2023",3.0,9,2023,"TIES, AND NEXT STEPS TO FURTHER DEVELOP- MENT INITIATIVES ON THE LOCAL LEVEL",usaid; foreign relations; new hampshire; executive branch; foreign assistance; biden administration; usda; guam; united nations; partisan,usaid,foreign relations,new hampshire,executive branch,foreign assistance,biden administration,usda,guam,united nations,partisan
118.0,na,,na,na,GEOPOLITICAL COMPETITION AND ENERGY SECURITY IN CENTRAL ASIA,foreign relations; partisan; energy security; guam; biden administration; 2023 __________; washington dc; president's budget; usda; ted cruz,foreign relations,partisan,energy security,guam,biden administration,2023 __________,washington dc,president's budget,usda,ted cruz
118.0,"July 25, 2022",7.0,25,2022,COUNTERING ILLICIT FENTANYL TRAFFICKING,trafficking; fentanyl; partisan; homeland security; screening; met pursuant; foreign assistance; new mexico; anti corruption; ricketts,trafficking,fentanyl,partisan,homeland security,screening,met pursuant,foreign assistance,new mexico,anti corruption,ricketts
118.0,"January 30, 
 2023",1.0,30,2023,EVALUATING U.S.-CHINA POLICY IN THE ERA  OF STRATEGIC COMPETITION,foreign relations; trade commission; candidates; executive order; maryland; biden administration; judge; navajo nation; president's budget; memorandum,foreign relations,trade commission,candidates,executive order,maryland,biden administration,judge,navajo nation,president's budget,memorandum
118.0,"August 4, 2020",8.0,4,2020,UKRAINE AND BEYOND,foreign relations; state department; partisan; defense authorization; support ukraine; biden administration; fy 2024; rosen; violations; guam,foreign relations,state department,partisan,defense authorization,support ukraine,biden administration,fy 2024,rosen,violations,guam
118.0,"January 3, 2023",1.0,3,2023,"CONGRESS, FIRST SESSION, PART I",nominees; foreign relations; march 2023; deputy secretary; session __________; doi org; president's budget; president biden; general garland; cfpb,nominees,foreign relations,march 2023,deputy secretary,session __________,doi org,president's budget,president biden,general garland,cfpb
118.0,"January 3, 2023",1.0,3,2023,BEFORE THE,nominees; march 2023; foreign relations; www govinfo; deputy secretary; hrg 118; president's budget; session __________; partisan; general garland,nominees,march 2023,foreign relations,www govinfo,deputy secretary,hrg 118,president's budget,session __________,partisan,general garland
118.0,"December 5, 2024",,5,2024,WHAT IS THE FDA DOING TO REDUCE THE DIABETES AND OBESITY EPIDEMICS IN AMERICA AND TAKE ON THE GREED OF,FDA; Tax Cuts; Health Plans; food security; doi org; public policy; enrolled; diabetes; printed; vermont,FDA,Tax Cuts,Health Plans,food security,doi org,public policy,enrolled,diabetes,printed,vermont
118.0,"September 25, 2024",9.0,25,2024,PREPARING WORKERS FOR AI,labor pensions; idaho; Health Plans; executive branch; care workforce; disability; questions submitted; enrolled; Tax Cuts; Veterans Affairs,labor pensions,idaho,Health Plans,executive branch,care workforce,disability,questions submitted,enrolled,Tax Cuts,Veterans Affairs
118.0,"September 24, 2024",9.0,24,2024,WHY IS NOVO NORDISK CHARGING AMERICANS WITH DIABETES AND OBESITY OUTRAGEOUSLY HIGH,medicare; subsidies; FDA; vermont; insulin; drug prices; doi org; nationwide; secretary kendall; hrsa,medicare,subsidies,FDA,vermont,insulin,drug prices,doi org,nationwide,secretary kendall,hrsa
118.0,"September 12, 2024",9.0,12,2024,EXAMINING THE BANKRUPTCY OF,medicare; bankruptcy; Veterans Affairs; Tax Cuts; health outcomes; tenure; idaho; legislative; journal; reauthorization,medicare,bankruptcy,Veterans Affairs,Tax Cuts,health outcomes,tenure,idaho,legislative,journal,reauthorization
118.0,"July 9, 2024",7.0,9,2024,EVERYDAY EXPENSES AND EVERYDAY,expenditures; child tax; Veterans Affairs; american families; Tax Cuts; Health Plans; labor pensions; assessments; taxpayer; hrsa,expenditures,child tax,Veterans Affairs,american families,Tax Cuts,Health Plans,labor pensions,assessments,taxpayer,hrsa
118.0,"June 20, 2024",6.0,20,2024,THE IMMEDIATE AND LONG-TERM CHALLENGES FACING PUBLIC,teachers; president's budget; public health; Tax Cuts; enrollment; vermont; candidates; state department; taxpayer; hrsa,teachers,president's budget,public health,Tax Cuts,enrollment,vermont,candidates,state department,taxpayer,hrsa
118.0,"June 12, 2024",6.0,12,2024,CRITICAL MINERALS WORKFORCE,care workforce; critical minerals; department energy; idaho; labor pensions; Health Plans; hrsa; partisan; taxpayer; assessments,care workforce,critical minerals,department energy,idaho,labor pensions,Health Plans,hrsa,partisan,taxpayer,assessments
118.0,"June 12, 2024",6.0,12,2024,THE WORKFORCE INNOVATION AND,workforce development; vermont; jobs act; doi org; hrsa; candidates; enrollment; opportunity appear; labor pensions; Veterans Affairs,workforce development,vermont,jobs act,doi org,hrsa,candidates,enrollment,opportunity appear,labor pensions,Veterans Affairs
118.0,"June 4, 2024",6.0,4,2024,HOW ABORTION BANS HAVE CREATED A HEALTH CARE NIGHTMARE ACROSS AMERICA,abortion; Veterans Affairs; medicare medicaid; public policy; printed; constitution; access care; democrats; Tax Cuts; enrollment,abortion,Veterans Affairs,medicare medicaid,public policy,printed,constitution,access care,democrats,Tax Cuts,enrollment
118.0,"May 22, 2024",5.0,22,2024,DIGGING DEEPER FOR HEALTH,health safety; labor pensions; www govinfo; hrg 118; assessments; regulations; doi org; __________ printed; active duty; sources,health safety,labor pensions,www govinfo,hrg 118,assessments,regulations,doi org,__________ printed,active duty,sources
118.0,"May 21, 2024",5.0,21,2024,CURRENT EFFORTS AND POTENTIAL OPPORTUNITIES FOR FOOD IS MEDICINE,food security; Health Plans; FDA; enrolled; department energy; nutrition; vermont; wellness; public health; additional funding,food security,Health Plans,FDA,enrolled,department energy,nutrition,vermont,wellness,public health,additional funding
118.0,"May 16, 2024",5.0,16,2024,EXAMINING THE DENTAL CARE CRISIS,dental care; Tax Cuts; medicaid; vermont; treasury department; reauthorization; public health; hrsa; coalition; enrollment,dental care,Tax Cuts,medicaid,vermont,treasury department,reauthorization,public health,hrsa,coalition,enrollment
118.0,"May 2, 2024",5.0,2,2024,WHAT CAN CONGRESS DO TO ADDRESS THE SEVERE SHORTAGE OF MINORITY HEALTH CARE PROFESSIONALS AND,health care; Tax Cuts; enrollment; vermont; executive branch; democrats; medicare medicaid; shortage; hrsa; Veterans Affairs,health care,Tax Cuts,enrollment,vermont,executive branch,democrats,medicare medicaid,shortage,hrsa,Veterans Affairs
118.0,"April 3, 2024",4.0,3,2024,WHEN HEALTH CARE BECOMES,health care; labor pensions; medicare advantage; Tax Cuts; medicaid; hrsa; Health Plans; vermont; Veterans Affairs; social security,health care,labor pensions,medicare advantage,Tax Cuts,medicaid,hrsa,Health Plans,vermont,Veterans Affairs,social security
118.0,"March 14, 2024",3.0,14,2024,WORKERS SHOULD BENEFIT FROM NEW TECHNOLOGY AND INCREASED,payroll; Tax Cuts; Health Plans; jobs act; labor pensions; hrsa; productivity; benefits; task force; education labor,payroll,Tax Cuts,Health Plans,jobs act,labor pensions,hrsa,productivity,benefits,task force,education labor
118.0,"March 12, 2024",3.0,12,2024,"PARTNERSHIPS, STRENGTHENING CAREER PATHWAYS",workforce development; enrolled; vermont; apprenticeship; medicare advantage; labor pensions; health education; hrsa; jobs act; tenure,workforce development,enrolled,vermont,apprenticeship,medicare advantage,labor pensions,health education,hrsa,jobs act,tenure
118.0,"March 7, 2024",3.0,7,2024,SUPPORTING EFFORTS TO MEET THE NEEDS OF SENIORS,older americans; Veterans Affairs; medicare medicaid; seniors; access care; jobs act; hrsa; labor pensions; enrolled; idaho,older americans,Veterans Affairs,medicare medicaid,seniors,access care,jobs act,hrsa,labor pensions,enrolled,idaho
118.0,"February 28, 2024",2.0,28,2024,TAKING A SERIOUS LOOK AT THE,labor pensions; Health Plans; executive branch; doi org; ira; Tax Cuts; Veterans Affairs; social security; policies; hrsa,labor pensions,Health Plans,executive branch,doi org,ira,Tax Cuts,Veterans Affairs,social security,policies,hrsa
118.0,"February 8, 2024",2.0,8,2024,"WHY DOES THE UNITED STATES PAY, BY FAR, THE HIGHEST PRICES IN THE WORLD",drug prices; medicare; prescription; president's budget; taxpayers; nationwide; FDA; care costs; tariffs; md,drug prices,medicare,prescription,president's budget,taxpayers,nationwide,FDA,care costs,tariffs,md
118.0,"January 18, 2024",1.0,18,2024,ADVANCING RESEARCH AND IMPROVING PATIENT CARE,health care; long covid; Veterans Affairs; additional funding; www govinfo; partisan; questions submitted; enrolled; medicare medicaid; CDC,health care,long covid,Veterans Affairs,additional funding,www govinfo,partisan,questions submitted,enrolled,medicare medicaid,CDC
118.0,"December 14, 2023",,14,2023,"COMMITTEE ON HEALTH, EDUCATION, LABOR, AND PENSIONS",medicare; rural health; diabetes; deficits; 19 pandemic; Health Plans; tax policy; vermont; questions submitted; enrolled,medicare,rural health,diabetes,deficits,19 pandemic,Health Plans,tax policy,vermont,questions submitted,enrolled
118.0,"November 14, 2023",11.0,14,2023,STANDING UP AGAINST CORPORATE,unions; labor pensions; welfare; Tax Cuts; Health Plans; doi org; reforms; working families; jobs act; march 2023,unions,labor pensions,welfare,Tax Cuts,Health Plans,doi org,reforms,working families,jobs act,march 2023
118.0,"May 1, 2028",5.0,1,2028,STANDING UP AGAINST CORPORATE,unions; labor pensions; Tax Cuts; Health Plans; welfare; reforms; doi org; working families; education labor; jobs act,unions,labor pensions,Tax Cuts,Health Plans,welfare,reforms,doi org,working families,education labor,jobs act
118.0,"November 8, 2023",11.0,8,2023,POLICY CONSIDERATIONS FOR ARTIFICIAL INTELLIGENCE IN HEALTH CARE,Health Plans; Veterans Affairs; labor pensions; intelligence community; tax policy; medicare; enrolled; hrsa; access care; executive order,Health Plans,Veterans Affairs,labor pensions,intelligence community,tax policy,medicare,enrolled,hrsa,access care,executive order
118.0,"October 31, 2023",10.0,31,2023,MOVING FORWARD TOGETHER,labor pensions; health education; executive branch; hrsa; workforce; Tax Cuts; Veterans Affairs; medicare; idaho; disability,labor pensions,health education,executive branch,hrsa,workforce,Tax Cuts,Veterans Affairs,medicare,idaho,disability
118.0,"June 9, 2005",6.0,9,2005,IS THE SEVERE HOSPITAL STAFFING CRISIS ENDANGERING THE WELL-BEING,labor pensions; thank chair; important hearing; nurse; Veterans Affairs; 19 pandemic; tenure; appointment; health outcomes; access care,labor pensions,thank chair,important hearing,nurse,Veterans Affairs,19 pandemic,tenure,appointment,health outcomes,access care
118.0,"April 11, 2002",4.0,11,2002,NOMINATION OF MONICA BERTAGNOLLI TO BE DIRECTOR OF THE NATIONAL INSTITUTES OF HEALTH,department health; nomination; hrsa; tax policy; enrolled; doi org; additional funding; executive branch; secretary kendall; medicare medicaid,department health,nomination,hrsa,tax policy,enrolled,doi org,additional funding,executive branch,secretary kendall,medicare medicaid
118.0,"July 11, 2023",7.0,11,2023,ANTIMICROBIAL RESISTANCE ON MODERN MEDICINE,department health; doi org; FDA; medicare advantage; president's budget; partisan; 19 pandemic; enrolled; Health Plans; amendments,department health,doi org,FDA,medicare advantage,president's budget,partisan,19 pandemic,enrolled,Health Plans,amendments
118.0,"June 8, 2023",6.0,8,2023,WHY ARE SO MANY AMERICAN YOUTH,mental health; labor pensions; enrollment; deficits; vermont; Health Plans; youth; partisan; Veterans Affairs; 19 pandemic,mental health,labor pensions,enrollment,deficits,vermont,Health Plans,youth,partisan,Veterans Affairs,19 pandemic
118.0,"May 31, 2023",5.0,31,2023,MEETING THE NEEDS OF WORKING FAMILIES AND CHILD CARE WORKERS,care workforce; child tax; social security; partisan; Veterans Affairs; enrollment; medicaid; hrsa; american families; president's budget,care workforce,child tax,social security,partisan,Veterans Affairs,enrollment,medicaid,hrsa,american families,president's budget
118.0,"May 17, 2023",5.0,17,2023,A CRISIS IN MENTAL HEALTH AND,mental health; access care; state department; Health Plans; enrolled; labor pensions; disability; doi org; Veterans Affairs; readiness,mental health,access care,state department,Health Plans,enrolled,labor pensions,disability,doi org,Veterans Affairs,readiness
118.0,"May 12, 2023",5.0,12,2023,HEALTH WORKFORCE DIVERSITY AND,health education; partisan; labor pensions; Veterans Affairs; medicare; enrollment; tenure; Tax Cuts; general berger; unions,health education,partisan,labor pensions,Veterans Affairs,medicare,enrollment,tenure,Tax Cuts,general berger,unions
118.0,"May 10, 2023",5.0,10,2023,THE NEED TO MAKE INSULIN AFFORDABLE  FOR ALL AMERICANS,insulin; Tax Cuts; Health Plans; budget request; enrolled; medicare; new hampshire; public policy; drug prices; subsidies,insulin,Tax Cuts,Health Plans,budget request,enrolled,medicare,new hampshire,public policy,drug prices,subsidies
118.0,"May 4, 2023",5.0,4,2023,PREPARING FOR THE NEXT,Health Plans; 19 pandemic; Veterans Affairs; public safety; enrolled; prepare; executive order; doi org; www govinfo; CDC,Health Plans,19 pandemic,Veterans Affairs,public safety,enrolled,prepare,executive order,doi org,www govinfo,CDC
118.0,"April 13, 2023",4.0,13,2023,NOMINATION OF JULIE SU TO SERVE AS,secretary; labor pensions; hrsa; questions submitted; 2023 __________; medicare medicaid; Veterans Affairs; www govinfo; rand; candidates,secretary,labor pensions,hrsa,questions submitted,2023 __________,medicare medicaid,Veterans Affairs,www govinfo,rand,candidates
118.0,"March 29, 2023",3.0,29,2023,THE NEED TO END ILLEGAL UNION BUSTING AT STARBUCKS,hrsa; Tax Cuts; labor pensions; state department; union; Health Plans; vermont; reauthorization; navajo; regulation,hrsa,Tax Cuts,labor pensions,state department,union,Health Plans,vermont,reauthorization,navajo,regulation
118.0,"March 22, 2023",3.0,22,2023,SO WHY WOULD MODERNA CONSIDER QUADRUPLING THE PRICE,taxpayer; vaccines; Health Plans; vermont; 19 pandemic; drug prices; care costs; deficits; subsidies; Veterans Affairs,taxpayer,vaccines,Health Plans,vermont,19 pandemic,drug prices,care costs,deficits,subsidies,Veterans Affairs
118.0,"March 8, 2023",3.0,8,2023,DEFENDING THE RIGHT OF WORKERS TO ORGANIZE UNIONS FREE FROM ILLEGAL CORPORATE UNION-BUSTING,unions; hrsa; labor pensions; Veterans Affairs; Health Plans; partisan; Tax Cuts; navajo nation; enrolled; general berger,unions,hrsa,labor pensions,Veterans Affairs,Health Plans,partisan,Tax Cuts,navajo nation,enrolled,general berger
118.0,"March 2, 2023",3.0,2,2023,"SAVING LIVES, SAVING MONEY",Health Plans; Veterans Affairs; community health; Tax Cuts; labor pensions; enrolled; hrsa; medicaid; navajo nation; care workforce,Health Plans,Veterans Affairs,community health,Tax Cuts,labor pensions,enrolled,hrsa,medicaid,navajo nation,care workforce
118.0,"February 16, 2023",2.0,16,2023,EXAMINING HEALTH CARE,care workforce; Health Plans; tax gap; vermont; shortages; labor pensions; Veterans Affairs; hrsa; enrollment; medicare medicaid,care workforce,Health Plans,tax gap,vermont,shortages,labor pensions,Veterans Affairs,hrsa,enrollment,medicare medicaid
118.0,na,,na,na,OVERSIGHT OF THE U.S. POSTAL SERVICE UNDERSTANDING PROPOSED SERVICE CHANGES,homeland security; forward hearing; amended; executive order; department justice; fcc gov; department homeland; postal service; partisan; trade commission,homeland security,forward hearing,amended,executive order,department justice,fcc gov,department homeland,postal service,partisan,trade commission
118.0,"November 14, 2024",11.0,14,2024,"NOMINATIONS OF HON. VAL BUTLER DEMINGS, HON. WILLIAM ZOLLARS, HON. GORDON HARTOGENSIS, JAMES G. LAKE, AND NICHOLAS G. MIRANDA",homeland security; nominees; deputy secretary; www govinfo; judicial; submitted hon; district columbia; honorable; hyde smith; appointed,homeland security,nominees,deputy secretary,www govinfo,judicial,submitted hon,district columbia,honorable,hyde smith,appointed
118.0,"October 9, 2024",10.0,9,2024,CONFLICTS OF INTEREST IN FEDERAL CONTRACTING TO PROTECT AMERICA'S FUTURE,homeland security; security interests; trade commission; department homeland; secretary defense; compliance; constitution; defense authorization; concerns; governmental affairs,homeland security,security interests,trade commission,department homeland,secretary defense,compliance,constitution,defense authorization,concerns,governmental affairs
118.0,"September 11, 2001",9.0,11,2001,EXAMINING THE NATIONAL SECURITY RISKS OF REPLACING NONPARTISAN CIVIL SERVANTS WITH POLITICAL APPOINTEES,homeland security; deputy secretary; government agencies; partisan; security interests; security council; department homeland; executive order; national security; secretary defense,homeland security,deputy secretary,government agencies,partisan,security interests,security council,department homeland,executive order,national security,secretary defense
118.0,"July 25, 2024",7.0,25,2024,"NOMINATIONS OF ANN C. FISHER, ASHLEY E. POLING, CARMEN G. IGUINA GONZALEZ, AND JOSEPH R. PALMORE",nominees; homeland security; district court; secretary kendall; trade commission; executive branch; appointed; www govinfo; hrg 118; recipients,nominees,homeland security,district court,secretary kendall,trade commission,executive branch,appointed,www govinfo,hrg 118,recipients
118.0,"February 1, 2020",2.0,1,2020,COMMITTEE ON HOMELAND SECURITY AND GOVERNMENTAL AFFAIRS UNITED STATES SENATE,homeland security; 19 pandemic; documented; www govinfo; FDA; oversight; security interests; 2023 https; public policy; accountability office,homeland security,19 pandemic,documented,www govinfo,FDA,oversight,security interests,2023 https,public policy,accountability office
118.0,"July 25, 2024",7.0,25,2024,IMPROVING TRANSPARENCY AND COORDINATION,homeland security; oversight; security council; www govinfo; executive branch; governmental affairs; waivers; defense authorization; fcc gov; outlined,homeland security,oversight,security council,www govinfo,executive branch,governmental affairs,waivers,defense authorization,fcc gov,outlined
118.0,"March 17, 
2020",3.0,17,2020,BEFORE THE,covid 19; homeland security; scrutiny; www govinfo; navajo nation; partisan; department homeland; good news; durbin thank; counterterrorism,covid 19,homeland security,scrutiny,www govinfo,navajo nation,partisan,department homeland,good news,durbin thank,counterterrorism
118.0,"June 20, 2024",6.0,20,2024,STREAMLINING THE FEDERAL CYBERSECURITY,homeland security; regulatory; cybersecurity; www fcc; sec; security interests; security council; national security; department justice; waiver,homeland security,regulatory,cybersecurity,www fcc,sec,security interests,security council,national security,department justice,waiver
118.0,"June 4, 2024",6.0,4,2024,"NOMINATIONS OF SHERRI M. BEATTY ARTHUR, RAHKEL BOUCHET, ERIN C. JOHNSTON, RAY MCKENZIE, AND JOHN C. TRUONG",nominees; homeland security; district court; secretary kendall; harris; rosen; answer department; honorable; executive branch; appointed,nominees,homeland security,district court,secretary kendall,harris,rosen,answer department,honorable,executive branch,appointed
118.0,"September 11, 2001",9.0,11,2001,RESTORING CONGRESSIONAL OVERSIGHT,homeland security; amended; executive order; governmental affairs; emergencies; department justice; security interests; security council; national guard; task force,homeland security,amended,executive order,governmental affairs,emergencies,department justice,security interests,security council,national guard,task force
118.0,na,,na,na,"EXAMINING THE FINDINGS AND RECOMMENDATIONS OF GAO'S 2024 REPORT ON OPPORTUNITIES TO REDUCE FRAGMENTATION, OVERLAP, AND DUPLICATION  AND ACHIEVE FINANCIAL BENEFITS",homeland security; president's budget; fy 2024; oversight; general counsel; treasury department; executive branch; security council; partisan; security interests,homeland security,president's budget,fy 2024,oversight,general counsel,treasury department,executive branch,security council,partisan,security interests
118.0,"September 11, 2001",9.0,11,2001,RESOURCES AND AUTHORITIES REQUESTED TO  PROTECT AND SECURE THE HOMELAND,homeland security; president's budget; www govinfo; department homeland; fy 2024; executive order; fed; partisan; security interests; responses written,homeland security,president's budget,www govinfo,department homeland,fy 2024,executive order,fed,partisan,security interests,responses written
118.0,"April 17, 2024",4.0,17,2024,"NOMINATIONS OF HON. COLLEEN D. KIKO, HON. ANNE M. WAGNER, AND DAVID HUITEMA",homeland security; nominees; deputy secretary; enrolled; executive branch; state department; security council; honorable; et al; chairwoman stabenow,homeland security,nominees,deputy secretary,enrolled,executive branch,state department,security council,honorable,et al,chairwoman stabenow
118.0,"April 26, 2023",4.0,26,2023,OVERSIGHT OF THE U.S. POSTAL SERVICE,homeland security; letter record; pursuant notice; www govinfo; postal; accountability office; deputy secretary; executive order; conducted; trade commission,homeland security,letter record,pursuant notice,www govinfo,postal,accountability office,deputy secretary,executive order,conducted,trade commission
118.0,na,,na,na,IMPROVING EXPORT CONTROLS ENFORCEMENT,homeland security; trade commission; executive branch; compliance; EPA; defense authorization; security council; security interests; scrutiny; partisan,homeland security,trade commission,executive branch,compliance,EPA,defense authorization,security council,security interests,scrutiny,partisan
118.0,na,,na,na,STRENGTHENING INTERNATIONAL COOPERATION TO STOP THE FLOW OF FENTANYL INTO THE  UNITED STATES,homeland security; partisan; pursuant notice; concerns; defense authorization; department homeland; security council; secretary defense; executive order; fentanyl,homeland security,partisan,pursuant notice,concerns,defense authorization,department homeland,security council,secretary defense,executive order,fentanyl
118.0,"November 8, 2021",11.0,8,2021,REFORMING FEDERAL RECORDS MANAGEMENT TO  IMPROVE TRANSPARENCY AND ACCOUNTABILITY,homeland security; statement record; government accountability; department justice; www govinfo; filed; disclosure; treasury department; FDA; governmental affairs,homeland security,statement record,government accountability,department justice,www govinfo,filed,disclosure,treasury department,FDA,governmental affairs
118.0,"March 29, 2024",3.0,29,2024,INCREASING WILDFIRE THREAT,homeland security; wildfires; responses written; partisan; www govinfo; navajo nation; department homeland; counterterrorism; fy 2024; public policy,homeland security,wildfires,responses written,partisan,www govinfo,navajo nation,department homeland,counterterrorism,fy 2024,public policy
118.0,"May 12, 2017",5.0,12,2017,"EXPECTATIONS, OUTCOMES, AND ENDURING QUESTIONS",homeland security; safety net; www govinfo; department justice; concerns; cybersecurity; sec; security council; department homeland; secretary defense,homeland security,safety net,www govinfo,department justice,concerns,cybersecurity,sec,security council,department homeland,secretary defense
118.0,"January 25, 2024",1.0,25,2024,HARNESSING AI TO IMPROVE GOVERNMENT SERVICES AND CUSTOMER EXPERIENCE,homeland security; executive branch; answer department; www govinfo; readiness; intelligence community; governmental affairs; department homeland; 2023 __________; waiver,homeland security,executive branch,answer department,www govinfo,readiness,intelligence community,governmental affairs,department homeland,2023 __________,waiver
118.0,"November 30, 2023",11.0,30,2023,NOMINATIONS OF HON. HAMPTON Y. DELLINGER AND HON. HENRY J. KERNER,homeland security; nominees; hrsa; honorable; deputy secretary; executive branch; powell; waiver; security council; 2023 __________,homeland security,nominees,hrsa,honorable,deputy secretary,executive branch,powell,waiver,security council,2023 __________
118.0,"October 19, 1995",10.0,19,1995,EXAMINING THE SECURITY OF FEDERAL  FACILITIES,homeland security; pursuant notice; readiness; sec; defense authorization; www govinfo; security interests; security council; department justice; department homeland,homeland security,pursuant notice,readiness,sec,defense authorization,www govinfo,security interests,security council,department justice,department homeland
118.0,"September 30, 2030",9.0,30,2030,EXAMINING FEDERAL COVID-ERA SPENDING AND PREVENTING FUTURE FRAUD,homeland security; president's budget; scrutiny; covid 19; department treasury; pursuant notice; partisan; governmental affairs; mitigation; security interests,homeland security,president's budget,scrutiny,covid 19,department treasury,pursuant notice,partisan,governmental affairs,mitigation,security interests
118.0,"November 23, 2023",11.0,23,2023,BEFORE THE,homeland security; partisan; governmental affairs; executive order; mr powell; 2026; intelligence community; department justice; responses written; department homeland,homeland security,partisan,governmental affairs,executive order,mr powell,2026,intelligence community,department justice,responses written,department homeland
118.0,"November 2, 2023",11.0,2,2023,"NOMINATIONS OF HARRY COKER, JR., JEFF REZMOVIC, AND SUZANNE E. SUMMERLIN",homeland security; nominees; secretary kendall; www govinfo; trade commission; executive branch; 2023 __________; answer department; director national; fed,homeland security,nominees,secretary kendall,www govinfo,trade commission,executive branch,2023 __________,answer department,director national,fed
118.0,"September 30, 
2021",9.0,30,2021,THREATS TO THE HOMELAND,homeland security; department homeland; forward hearing; scrutiny; executive order; fcc gov; counterterrorism; 2023 __________; secretary defense; waiver,homeland security,department homeland,forward hearing,scrutiny,executive order,fcc gov,counterterrorism,2023 __________,secretary defense,waiver
118.0,"September 21, 2023",9.0,21,2023,"NOMINATIONS OF THOMAS G. DAY, KATHERINE E. OLER, JUDITH E. PIPE, AND CHARLES J. WILLOUGHBY, JR.",appointed; homeland security; secretary kendall; district columbia; thomas; trade commission; nominations; accountability office; department justice; march 2023,appointed,homeland security,secretary kendall,district columbia,thomas,trade commission,nominations,accountability office,department justice,march 2023
118.0,"September 19, 2023",9.0,19,2023,EXAMINING THREATS TO NATIONAL SECURITY,homeland security; oversight; security interests; security council; national security; president's budget; secretary defense; executive branch; www govinfo; 2023 https,homeland security,oversight,security interests,security council,national security,president's budget,secretary defense,executive branch,www govinfo,2023 https
118.0,"September 29, 2023",9.0,29,2023,GOVERNING AI THROUGH ACQUISITION AND PROCUREMENT,homeland security; trade commission; appropriations; executive branch; www govinfo; deputy secretary; sec; security interests; department justice; good news,homeland security,trade commission,appropriations,executive branch,www govinfo,deputy secretary,sec,security interests,department justice,good news
118.0,"July 11, 2023",7.0,11,2023,EXAMINING THE SAUDI ARABIAN PUBLIC INVESTMENT FUNDS INVESTMENTS IN THE UNITED STATES,homeland security; appropriations; securities; saudi; security interests; usda; www govinfo; 2023 https; trust fund; harris,homeland security,appropriations,securities,saudi,security interests,usda,www govinfo,2023 https,trust fund,harris
118.0,"September 7, 2023",9.0,7,2023,"NOMINATIONS OF HON. ROBERT G. TAUB, TANYA M. JONES BOSIER, DANNY L.H. NGUYEN, AND KENECHUKWU O. OKOCHA",homeland security; nominees; deputy secretary; judicial; hrg 118; trade commission; district columbia; advisory; www govinfo; security council,homeland security,nominees,deputy secretary,judicial,hrg 118,trade commission,district columbia,advisory,www govinfo,security council
118.0,"September 6, 2023",9.0,6,2023,SUBCOMMITTEE ON GOVERNMENT OPERATIONS AND BORDER MANAGEMENT,homeland security; pursuant notice; state department; concerns; department homeland; waiver; executive branch; defense authorization; security council; conducted,homeland security,pursuant notice,state department,concerns,department homeland,waiver,executive branch,defense authorization,security council,conducted
118.0,"August 21, 2023",8.0,21,2023,IMPROVING FEDERAL COLLABORATION TO PROTECT OUR K-12 SCHOOLS FROM CYBERATTACKS,homeland security; conducted; security council; department defense; www govinfo; oversight; sec; mitigation; reauthorization; task force,homeland security,conducted,security council,department defense,www govinfo,oversight,sec,mitigation,reauthorization,task force
118.0,"July 11, 2023",7.0,11,2023,IMPLICATIONS FOR THE FUTURE OF GOLF AND SAUDI ARABIA'S INFLUENCE IN THE UNITED STATES,homeland security; conducted; saudi; 2023 __________; tariffs; powell; executive order; partisan; good news; waiver,homeland security,conducted,saudi,2023 __________,tariffs,powell,executive order,partisan,good news,waiver
118.0,"June 14, 2023",6.0,14,2023,"EXAMINING THE FINDINGS AND RECOMMENDATIONS OF GAO'S 2023 REPORT ON OPPORTUNITIES TO REDUCE FRAGMENTATION, OVERLAP, AND DUPLICATION AND ACHIEVE FINANCIAL BENEFITS",homeland security; president's budget; 2023 __________; oversight; general counsel; www govinfo; partisan; executive branch; security interests; security council,homeland security,president's budget,2023 __________,oversight,general counsel,www govinfo,partisan,executive branch,security interests,security council
118.0,"June 8, 2023",6.0,8,2023,FASTA IMPLEMENTATION AND OPTIMIZING THE  EFFICIENT USE OF FEDERAL PROPERTY,homeland security; forward hearing; tax policy; amended; www govinfo; district columbia; executive order; settlement act; usda; judicial,homeland security,forward hearing,tax policy,amended,www govinfo,district columbia,executive order,settlement act,usda,judicial
118.0,"May 31, 2023",5.0,31,2023,MISSION - CRITICAL LEGACY IT SYSTEMS,homeland security; governmental affairs; security council; department homeland; security interests; sec; secretary defense; national security; executive order; task force,homeland security,governmental affairs,security council,department homeland,security interests,sec,secretary defense,national security,executive order,task force
118.0,"May 17, 2023",5.0,17,2023,EXAMINING HEALTH CARE DENIALS AND DELAYS IN MEDICARE ADVANTAGE,medicare; homeland security; screening; state department; partisan; Tax Cuts; Health Plans; executive order; support efforts; 2023 __________,medicare,homeland security,screening,state department,partisan,Tax Cuts,Health Plans,executive order,support efforts,2023 __________
118.0,"May 16, 2023",5.0,16,2023,ARTIFICIAL INTELLIGENCE IN GOVERNMENT,homeland security; intelligence community; www govinfo; 2023 __________; executive branch; answer department; department homeland; waiver; sec; mr powell,homeland security,intelligence community,www govinfo,2023 __________,executive branch,answer department,department homeland,waiver,sec,mr powell
118.0,"May 2, 2023",5.0,2,2023,IMPROVING ACCESS TO FEDERAL GRANTS FOR  UNDERSERVED COMMUNITIES,homeland security; grants; www govinfo; reauthorization; department treasury; security interests; tribal lands; district columbia; president's budget; readiness,homeland security,grants,www govinfo,reauthorization,department treasury,security interests,tribal lands,district columbia,president's budget,readiness
118.0,"April 26, 2023",4.0,26,2023,MARATHON BOMBINGS,homeland security; conducted; good news; counterterrorism; partisan; waivers; www govinfo; whitehouse thank; department justice; department homeland,homeland security,conducted,good news,counterterrorism,partisan,waivers,www govinfo,whitehouse thank,department justice,department homeland
118.0,"April 26, 2023",4.0,26,2023,EXAMINING THE EFFECTS OF INCREASED  MIGRATION ON COMMUNITIES ALONG THE  SOUTHERN BORDER,immigration; department homeland; tribal communities; new mexico; migration; thank appreciate; executive branch; homeland security; barriers; border,immigration,department homeland,tribal communities,new mexico,migration,thank appreciate,executive branch,homeland security,barriers,border
118.0,"April 20, 2023",4.0,20,2023,"FOR REDUCING WASTE, FRAUD, AND ABUSE",homeland security; 2023 __________; high risk; president's budget; www govinfo; responses written; executive order; compliance; EPA; department homeland,homeland security,2023 __________,high risk,president's budget,www govinfo,responses written,executive order,compliance,EPA,department homeland
118.0,"April 18, 2023",4.0,18,2023,RESOURCES AND AUTHORITIES REQUESTED TO PROTECT AND SECURE THE HOMELAND,homeland security; president's budget; department homeland; partisan; executive order; secretary defense; fcc gov; responses written; 2026; holding hearing,homeland security,president's budget,department homeland,partisan,executive order,secretary defense,fcc gov,responses written,2026,holding hearing
118.0,"March 23, 2023",3.0,23,2023,MODERNIZING THE GOVERNMENT'S CLASSIFICATION SYSTEM,homeland security; classified; governmental affairs; partisan; department homeland; 2023 __________; security council; assessments; sec; www govinfo,homeland security,classified,governmental affairs,partisan,department homeland,2023 __________,security council,assessments,sec,www govinfo
118.0,"March 22, 2023",3.0,22,2023,DRUG SHORTAGE HEALTH AND NATIONAL,homeland security; drug prices; FDA; shortage; department health; pharmacy benefit; substance use; screening; 2023 __________; president's budget,homeland security,drug prices,FDA,shortage,department health,pharmacy benefit,substance use,screening,2023 __________,president's budget
118.0,"March 16, 2023",3.0,16,2023,CYBERSECURITY RISKS TO THE HEALTHCARE SECTOR,homeland security; cybersecurity; security interests; screening; www govinfo; 19 pandemic; department health; 2023 https; ssa; FDA,homeland security,cybersecurity,security interests,screening,www govinfo,19 pandemic,department health,2023 https,ssa,FDA
118.0,"March 8, 2023",3.0,8,2023,COMMITTEE ON HOMELAND SECURITY AND GOVERNMENTAL AFFAIRS UNITED STATES SENATE,homeland security; intelligence community; executive branch; waiver; answer department; www govinfo; readiness; moore; partisan; security interests,homeland security,intelligence community,executive branch,waiver,answer department,www govinfo,readiness,moore,partisan,security interests
118.0,"February 28, 2023",2.0,28,2023,NOMINATION OF COLLEEN J. SHOGAN,homeland security; nomination; answer department; secretary kendall; 2022 https; hrsa; executive branch; www govinfo; filed; 51,homeland security,nomination,answer department,secretary kendall,2022 https,hrsa,executive branch,www govinfo,filed,51
118.0,"September 25, 2024",9.0,25,2024,"S. 4444, S. 4633, S. 4643, S. 4705, S. 4998",indian affairs; holding hearing; pursuant notice; navajo; south dakota; executive branch; reservations; good news; conducted; department justice,indian affairs,holding hearing,pursuant notice,navajo,south dakota,executive branch,reservations,good news,conducted,department justice
118.0,"September 18, 2024",9.0,18,2024,NOMINATION OF HON. PATRICE H. KUNESH TO  BE CHAIRMAN OF THE NATIONAL INDIAN  GAMING COMMISSION,indian affairs; nominee; tribal; trade commission; reservations; forward hearing; director national; good news; conducted; hrsa,indian affairs,nominee,tribal,trade commission,reservations,forward hearing,director national,good news,conducted,hrsa
118.0,"July 25, 2024",7.0,25,2024,S. 4370 AND S. 4505,indian affairs; important hearing; pursuant notice; navajo; executive branch; good news; conducted; reservations; moore; south dakota,indian affairs,important hearing,pursuant notice,navajo,executive branch,good news,conducted,reservations,moore,south dakota
118.0,"July 10, 2024",7.0,10,2024,"S. 2783, S. 3406, S. 3857 AND S. 4365",indian affairs; important hearing; tribal; executive branch; south dakota; good news; conducted; secretary mayorkas; pursuant notice; moore,indian affairs,important hearing,tribal,executive branch,south dakota,good news,conducted,secretary mayorkas,pursuant notice,moore
118.0,"June 12, 2024",6.0,12,2024,"S. 2908, S. 3263, S. 4000, AND S. 4442",indian affairs; important hearing; navajo; pursuant notice; south dakota; executive branch; reservations; good news; moore; secretary mayorkas,indian affairs,important hearing,navajo,pursuant notice,south dakota,executive branch,reservations,good news,moore,secretary mayorkas
118.0,"May 22, 2024",5.0,22,2024,EXAMINING PUBLIC SAFETY AND JUSTICE  RESOURCES IN NATIVE COMMUNITIES,indian affairs; important hearing; tribal; department justice; south dakota; conducted; reservations; alaska native; good news; testify,indian affairs,important hearing,tribal,department justice,south dakota,conducted,reservations,alaska native,good news,testify
118.0,"May 1, 2024",5.0,1,2024,S. 465 AND S. 2695,indian affairs; important hearing; pursuant notice; navajo; department justice; south dakota; conducted; good news; reservations; executive branch,indian affairs,important hearing,pursuant notice,navajo,department justice,south dakota,conducted,good news,reservations,executive branch
118.0,"February 8, 2024",2.0,8,2024,"S. 2385, S. 2796, S. 2868, S. 3022, AND S. 3230",indian affairs; forward hearing; south dakota; navajo; department justice; reservations; pursuant notice; conducted; good news; appointment,indian affairs,forward hearing,south dakota,navajo,department justice,reservations,pursuant notice,conducted,good news,appointment
118.0,"December 6, 2023",,6,2023,GROWING CRISIS,indian affairs; alaska native; tribal communities; navajo; FDA; settlement act; important hearing; department justice; partisan; good news,indian affairs,alaska native,tribal communities,navajo,FDA,settlement act,important hearing,department justice,partisan,good news
118.0,"November 10, 2023",11.0,10,2023,"THE IMPACT OF THE HISTORIC SALMON  DECLINES ON THE HEALTH AND WELL  BEING OF ALASKA NATIVE COMMUNITIES  ALONG ARCTIC, YUKON, AND KUSKOKWIM",alaska native; indian affairs; tribal lands; salmon; health outcomes; EPA; south dakota; navajo; indian water; important hearing,alaska native,indian affairs,tribal lands,salmon,health outcomes,EPA,south dakota,navajo,indian water,important hearing
118.0,"November 8, 2023",11.0,8,2023,PERSPECTIVES ON ADDRESSING THE  GROWING CRISIS,indian affairs; native american; important hearing; tribal lands; navajo nation; scrutiny; fentanyl; south dakota; pursuant notice; tribal,indian affairs,native american,important hearing,tribal lands,navajo nation,scrutiny,fentanyl,south dakota,pursuant notice,tribal
118.0,"September 27, 2023",9.0,27,2023,BEFORE THE,indian affairs; navajo; important hearing; indian water; reservations; tribal lands; dakota; executive branch; indians; pursuant notice,indian affairs,navajo,important hearing,indian water,reservations,tribal lands,dakota,executive branch,indians,pursuant notice
118.0,"July 26, 2023",7.0,26,2023,NATIVE PRIORITIES FOR THE 2023 FARM BILL  REAUTHORIZATION,indian affairs; reauthorization; forward hearing; navajo; south dakota; 2023 __________; executive branch; reservations; settlement act; additional funding,indian affairs,reauthorization,forward hearing,navajo,south dakota,2023 __________,executive branch,reservations,settlement act,additional funding
118.0,"July 19, 2023",7.0,19,2023,BEFORE THE,indian affairs; forward hearing; navajo; executive branch; statement record; district court; pursuant notice; reservations; good news; dakota,indian affairs,forward hearing,navajo,executive branch,statement record,district court,pursuant notice,reservations,good news,dakota
118.0,"July 12, 2023",7.0,12,2023,"S. 616, S. 1898 AND S. 1987",indian affairs; navajo; holding hearing; pursuant notice; executive branch; reservations; conducted; district columbia; moore; good news,indian affairs,navajo,holding hearing,pursuant notice,executive branch,reservations,conducted,district columbia,moore,good news
118.0,"May 3, 2023",5.0,3,2023,"S. 195, S. 382 AND S. 1322",indian affairs; forward hearing; tribal; department justice; south dakota; good news; 2023 __________; conducted; pursuant notice; appointment,indian affairs,forward hearing,tribal,department justice,south dakota,good news,2023 __________,conducted,pursuant notice,appointment
118.0,"March 29, 2023",3.0,29,2023,INFLATION  REDUCTION ACT AND THE BIPARTISAN  INFRASTRUCTURE LAW,indian affairs; department energy; tribal; stakeholders; 2023 __________; tariffs; forward hearing; executive branch; south dakota; good news,indian affairs,department energy,tribal,stakeholders,2023 __________,tariffs,forward hearing,executive branch,south dakota,good news
118.0,"March 8, 2023",3.0,8,2023,NATIVE COMMUNITIES' PRIORITIES FOR THE  118TH CONGRESS,indian affairs; navajo; important hearing; reservations; tribal lands; dakota; pursuant notice; indians; executive branch; durbin thank,indian affairs,navajo,important hearing,reservations,tribal lands,dakota,pursuant notice,indians,executive branch,durbin thank
118.0,"April 27, 2014",4.0,27,2014,AMERICA'S HIGH-STAKES BET ON LEGALIZED SPORTS GAMBLING,judge; Tax Cuts; nominees; waiver; partisan; board; constitutional; reservations; rounds; filed,judge,Tax Cuts,nominees,waiver,partisan,board,constitutional,reservations,rounds,filed
118.0,na,,na,na,"HOW MASS DEPORTATIONS WILL SEPARATE AMERICAN FAMILIES, HARM OUR ARMED FORCES, AND DEVASTATE OUR ECONOMY",immigration; executive order; judge; ted cruz; Tax Cuts; waiver; american families; screening; fy 2024; filed,immigration,executive order,judge,ted cruz,Tax Cuts,waiver,american families,screening,fy 2024,filed
118.0,na,,na,na,HOW BUMP STOCKS AND OTHER CONVERSION DEVICES ARE AMPLIFYING THE GUN VIOLENCE EPIDEMIC,judicial; 19 pandemic; constituents; partisan; impacts; FDA; armed; settlement act; mentioned earlier; ted cruz,judicial,19 pandemic,constituents,partisan,impacts,FDA,armed,settlement act,mentioned earlier,ted cruz
118.0,"October 7, 2023",10.0,7,2023,STEMMING THE TIDE OF HATE CRIMES IN AMERICA,judicial; counterterrorism; 2026; abuses; www fcc; partisan; tuesday; amendments; session __________; concerns,judicial,counterterrorism,2026,abuses,www fcc,partisan,tuesday,amendments,session __________,concerns
118.0,"September 9, 
2021",9.0,9,2021,COMBATTING THE YOUTH VAPING EPIDEMIC BY ENHANCING ENFORCEMENT AGAINST ILLEGAL E-CIGARETTES,judicial; tobacco; enrolled; presidential; Veterans Affairs; FDA; discussed; 21st; Tax Cuts; session __________,judicial,tobacco,enrolled,presidential,Veterans Affairs,FDA,discussed,21st,Tax Cuts,session __________
118.0,"December 25, 1989",,25,1989,AN EXAMINATION OF PRISON LABOR IN AMERICA,judicial; ted cruz; session __________; prisons; counterterrorism; tenure; candidates; executive branch; opportunity testify; screening,judicial,ted cruz,session __________,prisons,counterterrorism,tenure,candidates,executive branch,opportunity testify,screening
118.0,na,,na,na,FROM UNAUTHORIZED DIGITAL REPLICAS,judicial; tillis; defense authorization; documented; patents; www fcc; __________ printed; investigations; comply; forms,judicial,tillis,defense authorization,documented,patents,www fcc,__________ printed,investigations,comply,forms
118.0,na,,na,na,BEFORE THE,judicial; candidates; oversight; executive branch; tax code; vice chair; session __________; www govinfo; legislative; filed,judicial,candidates,oversight,executive branch,tax code,vice chair,session __________,www govinfo,legislative,filed
118.0,na,,na,na,OF SOLITARY CONFINEMENT,judicial; ted cruz; defense authorization; holding hearing; testifying; administered; sexual assault; executive order; screening; documented,judicial,ted cruz,defense authorization,holding hearing,testifying,administered,sexual assault,executive order,screening,documented
118.0,"February 14, 2024",2.0,14,2024,THE CONTINUED ASSAULT ON REPRODUCTIVE  FREEDOMS IN POST-DOBBS AMERICA,judicial; sexual assault; amendments; partisan; reproductive; restrict; unanimous consent; executive order; documented; designated,judicial,sexual assault,amendments,partisan,reproductive,restrict,unanimous consent,executive order,documented,designated
118.0,"January 6, 2021",1.0,6,2021,PROTECTING VOTING RIGHTS IN AMERICA,voter; judicial; amendments; protections; executive order; vice chair; constituents; holding hearing; partisan; nominees,voter,judicial,amendments,protections,executive order,vice chair,constituents,holding hearing,partisan,nominees
118.0,"November 15, 2022",11.0,15,2022,HUMAN RIGHTS IN HOUSING,human rights; district court; candidates; income housing; legislative; whitehouse thank; holding hearing; amendments; hrg 118; sit,human rights,district court,candidates,income housing,legislative,whitehouse thank,holding hearing,amendments,hrg 118,sit
118.0,"March 8, 2024",3.0,8,2024,MODERN-DAY VOTING DISCRIMINATION IN ALABAMA,judge; elections; alabama; state department; discrimination; constitution; tenure; unanimous; questions submitted; welch,judge,elections,alabama,state department,discrimination,constitution,tenure,unanimous,questions submitted,welch
118.0,na,,na,na,ASSESSING THE TOLL ON CORRECTIONAL OFFICERS AND INCARCERATED PERSONS,judicial; session __________; security council; www govinfo; prisons; appointment; government accountability; counterterrorism; mentioned earlier; questions record,judicial,session __________,security council,www govinfo,prisons,appointment,government accountability,counterterrorism,mentioned earlier,questions record
118.0,"December 25, 2019",,25,2019,BIG TECH AND THE ONLINE CHILD SEXUAL EXPLOITATION CRISIS,judicial; www govinfo; sexual assault; documented; candidates; accessed; questions record; screening; 2023 https; child tax,judicial,www govinfo,sexual assault,documented,candidates,accessed,questions record,screening,2023 https,child tax
118.0,na,,na,na,AI IN CRIMINAL INVESTIGATIONS AND PROSECUTIONS,judicial; candidates; counterterrorism; screening; testify; session __________; vice chair; executive branch; 2025; met pursuant,judicial,candidates,counterterrorism,screening,testify,session __________,vice chair,executive branch,2025,met pursuant
118.0,na,,na,na,"THE PATENT ELIGIBILITY RESTORATION ACT RESTORING CLARITY, CERTAINTY, AND PREDICTABILITY TO THE U.S. PATENT SYSTEM",patents; judicial; tax code; reauthorization; patent; constituents; documented; security interests; regulations; filed,patents,judicial,tax code,reauthorization,patent,constituents,documented,security interests,regulations,filed
118.0,"January 3, 2019",1.0,3,2019,REIMAGINING REHABILITATION AND PROTECTING PUBLIC SAFETY,judicial; thank chair; executive branch; settlement act; legislative; public safety; forward hearing; rehabilitation; tenure; compliance,judicial,thank chair,executive branch,settlement act,legislative,public safety,forward hearing,rehabilitation,tenure,compliance
118.0,na,,na,na,THE FUTURE OF JOURNALISM,judicial; secretary kendall; disclosure; executive branch; partisan; screening; oversight; conducted; www fcc; filed,judicial,secretary kendall,disclosure,executive branch,partisan,screening,oversight,conducted,www fcc,filed
118.0,na,,na,na,CONFIRMATION HEARING ON FEDERAL  APPOINTMENTS,appointed; judicial; cruz; partisan; executive order; forward hearing; appointments; 2024; session __________; vice chair,appointed,judicial,cruz,partisan,executive order,forward hearing,appointments,2024,session __________,vice chair
118.0,na,,na,na,CONFIRMATION HEARING ON FEDERAL APPOINTMENTS,judicial; appointments; cruz; appointed; partisan; executive order; forward hearing; chair thank; session __________; secretary kendall,judicial,appointments,cruz,appointed,partisan,executive order,forward hearing,chair thank,session __________,secretary kendall
118.0,na,,na,na,CONFIRMATION HEARING ON FEDERAL  APPOINTMENTS,judicial; appointments; cruz; executive order; vice chair; appointed; partisan; forward hearing; session __________; secretary kendall,judicial,appointments,cruz,executive order,vice chair,appointed,partisan,forward hearing,session __________,secretary kendall
118.0,na,,na,na,A DEEPER LOOK,judicial; foster; access care; abuses; hrg 118; designated; documented; ted cruz; whitehouse thank; tenure,judicial,foster,access care,abuses,hrg 118,designated,documented,ted cruz,whitehouse thank,tenure
118.0,"June 30, 2017",6.0,30,2017,CONFIRMATION HEARING ON FEDERAL  APPOINTMENTS,judicial; appointments; cruz; executive order; appointed; partisan; forward hearing; secretary kendall; session __________; chair thank,judicial,appointments,cruz,executive order,appointed,partisan,forward hearing,secretary kendall,session __________,chair thank
118.0,na,,na,na,FOSTER CHILDREN IN THE COURTS,judicial; child tax; ted cruz; partisan; executive order; vice chair; 2025; questions submitted; district court; amendments,judicial,child tax,ted cruz,partisan,executive order,vice chair,2025,questions submitted,district court,amendments
118.0,na,,na,na,EXAMINING COMPETITION AND CONSUMER RIGHTS IN HOUSING MARKETS,judicial; consumer protection; candidates; Tax Cuts; trade commission; settlement act; reservations; private equity; discrimination; vice chair,judicial,consumer protection,candidates,Tax Cuts,trade commission,settlement act,reservations,private equity,discrimination,vice chair
118.0,na,,na,na,PRESERVING DUE PROCESS AND THE,judicial; immigration; pursuant notice; filed; amendments; settlement act; executive order; 2023 __________; forward hearing; Tax Cuts,judicial,immigration,pursuant notice,filed,amendments,settlement act,executive order,2023 __________,forward hearing,Tax Cuts
118.0,"October 17, 2023",10.0,17,2023,"NAME, IMAGE, AND LIKENESS, AND THE FUTURE OF COLLEGE SPORTS",judges; 2023 __________; ted cruz; sec; partisan; waiver; conducted; filed; nominees; legislative,judges,2023 __________,ted cruz,sec,partisan,waiver,conducted,filed,nominees,legislative
118.0,na,,na,na,CONFIRMATION HEARING ON FEDERAL APPOINTMENTS,district court; durbin thank; appointments; executive order; forward hearing; session __________; www govinfo; __________ printed; general garland; met pursuant,district court,durbin thank,appointments,executive order,forward hearing,session __________,www govinfo,__________ printed,general garland,met pursuant
118.0,na,,na,na,PROTECTING OUR FAMILIES FROM UNSAFE ONLINE COUNTERFEITS,judicial; consumer protection; patents; documented; counterterrorism; screening; tax code; oversight; anti corruption; settlement act,judicial,consumer protection,patents,documented,counterterrorism,screening,tax code,oversight,anti corruption,settlement act
118.0,na,,na,na,TRANSPARENCY AND ACCOUNTABILITY IN THE ACCOMMODATION PROCESS,judicial; president's budget; www govinfo; executive branch; government accountability; documented; hrg 118; filed; conducted; legislative,judicial,president's budget,www govinfo,executive branch,government accountability,documented,hrg 118,filed,conducted,legislative
118.0,na,,na,na,MANIPULATION OF CHAPTER 11 BANKRUPTCY,judicial; bankruptcy; government accountability; executive branch; documented; filed; Tax Cuts; settlement act; legislative; tenure,judicial,bankruptcy,government accountability,executive branch,documented,filed,Tax Cuts,settlement act,legislative,tenure
118.0,na,,na,na,OVERSIGHT OF THE FEDERAL BUREAU OF PRISONS,judicial; prisons; secretary kendall; oversight; executive branch; tenure; session __________; accountability office; thank chair; department justice,judicial,prisons,secretary kendall,oversight,executive branch,tenure,session __________,accountability office,thank chair,department justice
118.0,na,,na,na,ON ARTIFICIAL INTELLIGENCE,judicial; oversight; executive branch; tax code; moore; partisan; www govinfo; intelligence community; questions submitted; documented,judicial,oversight,executive branch,tax code,moore,partisan,www govinfo,intelligence community,questions submitted,documented
118.0,na,,na,na,LIMITS LIBERTY AND LITERATURE,judicial; prohibit; regulated; scrutiny; executive order; published; american public; disinformation; www fcc; amendment,judicial,prohibit,regulated,scrutiny,executive order,published,american public,disinformation,www fcc,amendment
118.0,na,,na,na,CONFIRMATION HEARING ON FEDERAL APPOINTMENTS,judicial; appointments; cruz; executive order; appointed; partisan; forward hearing; secretary kendall; questions submitted; chair thank,judicial,appointments,cruz,executive order,appointed,partisan,forward hearing,secretary kendall,questions submitted,chair thank
118.0,"July 
 24, 2023",7.0,24,2023,CONFIRMATION HEARING ON FEDERAL  APPOINTMENTS,district court; durbin thank; executive branch; appointments; session __________; important hearing; pursuant notice; conducted; constitution; www govinfo,district court,durbin thank,executive branch,appointments,session __________,important hearing,pursuant notice,conducted,constitution,www govinfo
118.0,"July 26, 2023",7.0,26,2023,OVERSIGHT OF THE UNITED STATES PATENT AND TRADEMARK OFFICE,patents; judicial; oversight; constituents; printed; trade commission; cited; taxpayer; regulatory; intellectual property,patents,judicial,oversight,constituents,printed,trade commission,cited,taxpayer,regulatory,intellectual property
118.0,"July 24, 2023",7.0,24,2023,PRINCIPLES FOR REGULATION,judicial; oversight; tax code; executive branch; legislation; partisan; constitution; screening; compliance; conducted,judicial,oversight,tax code,executive branch,legislation,partisan,constitution,screening,compliance,conducted
118.0,na,,na,na,TRENDS IN VERTICAL MERGER ENFORCEMENT,mergers; judicial; regulatory; antitrust; settlement act; partisan; executive branch; tenure; amendment; oversight,mergers,judicial,regulatory,antitrust,settlement act,partisan,executive branch,tenure,amendment,oversight
118.0,"July 12, 2023",7.0,12,2023,ARTIFICIAL INTELLIGENCE AND INTELLECTUAL,judicial; intellectual property; intelligence community; president's budget; moore; oversight; cited; tax code; director national; printed,judicial,intellectual property,intelligence community,president's budget,moore,oversight,cited,tax code,director national,printed
118.0,"June 29, 2023",6.0,29,2023,CONFIRMATION HEARING ON FEDERAL  APPOINTMENTS,district court; durbin thank; appointments; session __________; executive branch; important hearing; pursuant notice; 2026; conducted; constitution,district court,durbin thank,appointments,session __________,executive branch,important hearing,pursuant notice,2026,conducted,constitution
118.0,"June 20, 2023",6.0,20,2023,BEFORE THE,supreme court; partisan; discrimination; reauthorization; unanimous consent; amendments; civil rights; vice chair; forward hearing; 2023 https,supreme court,partisan,discrimination,reauthorization,unanimous consent,amendments,civil rights,vice chair,forward hearing,2023 https
118.0,"June 14, 2023",6.0,14,2023,ENSURING THE SAFETY AND WELL-BEING OF UNACCOMPANIED CHILDREN,judicial; president's budget; forward hearing; child tax; secretary kendall; partisan; executive order; booker; prepare; district columbia,judicial,president's budget,forward hearing,child tax,secretary kendall,partisan,executive order,booker,prepare,district columbia
118.0,"June 14, 2023",6.0,14,2023,"SUPREME COURT ETHICS, RECUSAL, AND TRANSPARENCY ACT OF 2023",judicial; executive branch; 2024; partisan; tax code; tenure; presiding present; filed; legislative; conducted,judicial,executive branch,2024,partisan,tax code,tenure,presiding present,filed,legislative,conducted
118.0,na,,na,na,OVERSIGHT OF SECTION 702 OF THE FOREIGN INTELLIGENCE SURVEILLANCE ACT AND RELATED SURVEILLANCE AUTHORITIES,judicial; surveillance; oversight; executive branch; accountability office; fbi; scrutiny; 2025; documented; security interests,judicial,surveillance,oversight,executive branch,accountability office,fbi,scrutiny,2025,documented,security interests
118.0,na,,na,na,ARTIFICIAL INTELLIGENCE AND HUMAN RIGHTS,judicial; human rights; ted cruz; executive order; intelligence community; waiver; vice chair; security council; representation; amended,judicial,human rights,ted cruz,executive order,intelligence community,waiver,vice chair,security council,representation,amended
118.0,na,,na,na,ARTIFICIAL INTELLIGENCE AND,patents; judicial; intelligence community; oversight; cited; moore; tax code; intellectual property; constituents; trade commission,patents,judicial,intelligence community,oversight,cited,moore,tax code,intellectual property,constituents,trade commission
118.0,"June 6, 2023",6.0,6,2023,CONFIRMATION HEARING ON FEDERAL APPOINTMENTS,judicial; appointments; cruz; executive branch; appointed; partisan; forward hearing; secretary kendall; questions submitted; district columbia,judicial,appointments,cruz,executive branch,appointed,partisan,forward hearing,secretary kendall,questions submitted,district columbia
118.0,"May 31, 2023",5.0,31,2023,IMMIGRANT WORKERS GET THE JOB DONE,judicial; president's budget; immigration; forward hearing; candidates; executive branch; booker; pursuant notice; responses written; tenure,judicial,president's budget,immigration,forward hearing,candidates,executive branch,booker,pursuant notice,responses written,tenure
118.0,"May 16, 2023",5.0,16,2023,CONFIRMATION HEARING ON FEDERAL APPOINTMENTS,appointed; district court; executive order; cruz; partisan; appointment; judicial; secretary kendall; forward hearing; nominees,appointed,district court,executive order,cruz,partisan,appointment,judicial,secretary kendall,forward hearing,nominees
118.0,"May 17, 2023",5.0,17,2023,REVIEW OF FEDERAL JUDICIAL ETHICS PROCESSES AT THE JUDICIAL CONFERENCE OF THE UNITED STATES,judicial; session __________; durbin thank; 21st; presiding present; conducted; irs; documentation; executive order; questions record,judicial,session __________,durbin thank,21st,presiding present,conducted,irs,documentation,executive order,questions record
118.0,"May 12, 2023",5.0,12,2023,FOR ARTIFICIAL INTELLIGENCE,judicial; oversight; ted cruz; intelligence community; executive order; partisan; tax code; forward hearing; questions record; screening,judicial,oversight,ted cruz,intelligence community,executive order,partisan,tax code,forward hearing,questions record,screening
118.0,na,,na,na,COMPETITION IN THE DIGITAL ADVERTISING ECOSYSTEM,judicial; campaigns; printed; 2023 __________; www govinfo; trade commission; conducted; vice chair; nominees; regulations,judicial,campaigns,printed,2023 __________,www govinfo,trade commission,conducted,vice chair,nominees,regulations
118.0,"February 13, 2012",2.0,13,2012,SUPREME COURT ETHICS REFORM,judicial; tax code; executive order; general garland; vice chair; partisan; waiver; tenure; amendments; filed,judicial,tax code,executive order,general garland,vice chair,partisan,waiver,tenure,amendments,filed
118.0,na,,na,na,THE ASSAULT ON REPRODUCTIVE RIGHTS IN A POST-DOBBS AMERICA,sexual assault; supreme court; partisan; reproductive; unanimous consent; amendments; screening; executive order; documented; rhode,sexual assault,supreme court,partisan,reproductive,unanimous consent,amendments,screening,executive order,documented,rhode
118.0,"April 19, 2023",4.0,19,2023,HOLDING RUSSIAN KLEPTOCRATS AND HUMAN RIGHTS VIOLATORS ACCOUNTABLE FOR THEIR CRIMES AGAINST UKRAINE,judicial; support ukraine; government accountability; candidates; hrg 118; counterterrorism; violations; documented; human rights; alaska native,judicial,support ukraine,government accountability,candidates,hrg 118,counterterrorism,violations,documented,human rights,alaska native
118.0,"April 17, 2023",4.0,17,2023,CONFIRMATION HEARING ON FEDERAL APPOINTMENTS,judicial; appointments; cruz; executive branch; appointed; partisan; forward hearing; secretary kendall; questions submitted; district columbia,judicial,appointments,cruz,executive branch,appointed,partisan,forward hearing,secretary kendall,questions submitted,district columbia
118.0,"April 25, 
 2023",4.0,25,2023,FOREIGN COMPETITIVE THREATS TO AMERICAN INNOVATION AND ECONOMIC LEADERSHIP,patents; partisan; judicial; oversight; president's budget; tariffs; american public; executive branch; cited; competitiveness,patents,partisan,judicial,oversight,president's budget,tariffs,american public,executive branch,cited,competitiveness
118.0,"March 
 17, 2023",3.0,17,2023,CONFIRMATION HEARING ON FEDERAL APPOINTMENTS,judicial; appointments; cruz; executive branch; appointed; partisan; forward hearing; secretary kendall; district columbia; questions submitted,judicial,appointments,cruz,executive branch,appointed,partisan,forward hearing,secretary kendall,district columbia,questions submitted
118.0,"March 15, 2023",3.0,15,2023,PROTECTING PUBLIC SAFETY AFTER NEW YORK STATE RIFLE & PISTOL ASSOCIATION V. BRUEN,judicial; defense authorization; partisan; public safety; amendment; good news; settlement act; rounds; executive order; screening,judicial,defense authorization,partisan,public safety,amendment,good news,settlement act,rounds,executive order,screening
118.0,"February 10, 2023",2.0,10,2023,GONZALEZ AND REFORM,judicial; president's budget; secretary kendall; government accountability; disclosure; executive order; tax code; moore; www fcc; partisan,judicial,president's budget,secretary kendall,government accountability,disclosure,executive order,tax code,moore,www fcc,partisan
118.0,na,,na,na,REINING IN DOMINANT DIGITAL,judicial; digital; www govinfo; antitrust; candidates; rulemaking; printed; american public; legislative; filed,judicial,digital,www govinfo,antitrust,candidates,rulemaking,printed,american public,legislative,filed
118.0,na,,na,na,OVERSIGHT OF THE DEPARTMENT OF JUSTICE,judicial; oversight; executive branch; department justice; partisan; judge; vice chair; district court; forward hearing; appointed,judicial,oversight,executive branch,department justice,partisan,judge,vice chair,district court,forward hearing,appointed
118.0,na,,na,na,HOW CONGRESS CAN RECOGNIZE RATIFICATION AND ENSHRINE EQUALITY IN OUR CONSTITUTION,amendments; supreme court; constitution; discrimination; rights settlement; partisan; unanimous; reauthorization; rhode; government accountability,amendments,supreme court,constitution,discrimination,rights settlement,partisan,unanimous,reauthorization,rhode,government accountability
118.0,"February 14, 2023",2.0,14,2023,CONFIRMATION HEARING ON FEDERAL APPOINTMENTS,appointed; district court; president's budget; cruz; executive order; partisan; appointments; judicial; secretary kendall; candidates,appointed,district court,president's budget,cruz,executive order,partisan,appointments,judicial,secretary kendall,candidates
118.0,"February 14, 2023",2.0,14,2023,PROTECTING OUR CHILDREN ONLINE,judicial; president's budget; secretary kendall; booker; partisan; child tax; forward hearing; executive order; district columbia; screening,judicial,president's budget,secretary kendall,booker,partisan,child tax,forward hearing,executive order,district columbia,screening
118.0,"January 20, 2023",1.0,20,2023,CONFIRMATION HEARING ON FEDERAL  APPOINTMENTS,appointed; district court; cruz; partisan; executive order; forward hearing; appointments; judges; www govinfo; secretary kendall,appointed,district court,cruz,partisan,executive order,forward hearing,appointments,judges,www govinfo,secretary kendall
118.0,"January 31, 2023",1.0,31,2023,COMPETITION AND PROTECTING CONSUMERS IN LIVE ENTERTAINMENT,judge; nominees; legislative; conducted; tennessee; vice chair; forward hearing; reservations; partisan; judicial,judge,nominees,legislative,conducted,tennessee,vice chair,forward hearing,reservations,partisan,judicial
118.0,na,,na,na,OVERSIGHT OF THE UNITED STATES CAPITOL POLICE,executive branch; district court; rulemaking; accountability office; amended; deputy secretary; holding hearing; pact act; oversight; security council,executive branch,district court,rulemaking,accountability office,amended,deputy secretary,holding hearing,pact act,oversight,security council
118.0,"September 11, 2001",9.0,11,2001,SENATE PROCEDURES TO CONFIRM NOMINEES,nominees; executive branch; forward hearing; amended; deputy secretary; appointment; moore; appointed; rulemaking; durbin thank,nominees,executive branch,forward hearing,amended,deputy secretary,appointment,moore,appointed,rulemaking,durbin thank
118.0,na,,na,na,OVERSIGHT OF THE SMITHSONIAN INSTITUTION,executive branch; district columbia; oversight; mr powell; department justice; constitution; important hearing; commission; governmental affairs; regulations,executive branch,district columbia,oversight,mr powell,department justice,constitution,important hearing,commission,governmental affairs,regulations
118.0,na,,na,na,ADMINISTRATION OF UPCOMING ELECTIONS,executive branch; elections; deputy secretary; adjourned; regulations; district columbia; 2024; amended; tenure; legislative,executive branch,elections,deputy secretary,adjourned,regulations,district columbia,2024,amended,tenure,legislative
118.0,na,,na,na,"THE USE OF ARTIFICIAL INTELLIGENCE AT THE LIBRARY OF CONGRESS, GOVERNMENT PUBLISHING OFFICE, AND SMITHSONIAN INSTITUTION",executive branch; intelligence community; rulemaking; constitution; district columbia; mr powell; answer department; www govinfo; government accountability; fbi,executive branch,intelligence community,rulemaking,constitution,district columbia,mr powell,answer department,www govinfo,government accountability,fbi
118.0,na,,na,na,OVERSIGHT OF THE UNITED STATES  GOVERNMENT PUBLISHING OFFICE,executive branch; oversight; district court; constitution; accountability office; pursuant notice; deputy secretary; regulations; conducted; attorney general,executive branch,oversight,district court,constitution,accountability office,pursuant notice,deputy secretary,regulations,conducted,attorney general
118.0,na,,na,na,ONGOING THREATS TO ELECTION  ADMINISTRATION,executive branch; threats; candidates; deputy secretary; rulemaking; amended; tenure; district columbia; chairwoman stabenow; security council,executive branch,threats,candidates,deputy secretary,rulemaking,amended,tenure,district columbia,chairwoman stabenow,security council
118.0,na,,na,na,AI AND THE FUTURE OF OUR ELECTIONS,elections; executive branch; 2023 __________; adjourned; secretary kendall; rulemaking; amended; chair cantwell; appointed; durbin thank,elections,executive branch,2023 __________,adjourned,secretary kendall,rulemaking,amended,chair cantwell,appointed,durbin thank
118.0,"December 31, 
 2021",,31,2021,OVERSIGHT OF THE CAPITOL POLICE BOARD,executive branch; district court; rulemaking; accountability office; deputy secretary; amended; oversight; department justice; whitehouse thank; wicker,executive branch,district court,rulemaking,accountability office,deputy secretary,amended,oversight,department justice,whitehouse thank,wicker
118.0,"August 16, 2022",8.0,16,2022,OVERSIGHT OF THE UNITED STATES ELECTION ASSISTANCE COMMISSION,executive branch; candidates; amended; rulemaking; deputy secretary; tax policy; district columbia; www govinfo; government accountability; oversight,executive branch,candidates,amended,rulemaking,deputy secretary,tax policy,district columbia,www govinfo,government accountability,oversight
118.0,na,,na,na,OVERSIGHT OF THE LIBRARY OF CONGRESS,executive branch; rulemaking; pursuant notice; constitution; government accountability; oversight; chair cantwell; legislation; district columbia; deputy secretary,executive branch,rulemaking,pursuant notice,constitution,government accountability,oversight,chair cantwell,legislation,district columbia,deputy secretary
118.0,na,,na,na,STATE AND LOCAL PERSPECTIVES ON ELECTION ADMINISTRATION,executive branch; elections; rulemaking; deputy secretary; holding hearing; responses written; reauthorization; whitehouse thank; davis; tenure,executive branch,elections,rulemaking,deputy secretary,holding hearing,responses written,reauthorization,whitehouse thank,davis,tenure
118.0,na,,na,na,OF U.S. TECHNOLOGY PROVIDERS,intelligence community; www govinfo; trade commission; partisan; national security; oversight; select; new mexico; executive branch; answer department,intelligence community,www govinfo,trade commission,partisan,national security,oversight,select,new mexico,executive branch,answer department
118.0,na,,na,na,NOMINATION OF JOHN BRADFORD WIEGMANN  TO BE GENERAL COUNSEL OF THE OFFICE OF THE DIRECTOR OF NATIONAL INTELLIGENCE,intelligence community; appointed; www fcc; select; findings; national security; rosen; trade commission; important hearing; navajo,intelligence community,appointed,www fcc,select,findings,national security,rosen,trade commission,important hearing,navajo
118.0,na,,na,na,AN UPDATE ON FOREIGN THREATS TO THE  2024 ELECTIONS,intelligence community; executive order; 2023 __________; partisan; www fcc; national security; select; new mexico; findings; amendments,intelligence community,executive order,2023 __________,partisan,www fcc,national security,select,new mexico,findings,amendments
118.0,"March 11, 2024",3.0,11,2024,THE 2024 ANNUAL THREAT ASSESSMENT OF THE U.S. INTELLIGENCE COMMUNITY,intelligence community; national security; scrutiny; 2025; president's budget; rosen; pursuant notice; www fcc; department justice; cited,intelligence community,national security,scrutiny,2025,president's budget,rosen,pursuant notice,www fcc,department justice,cited
118.0,na,,na,na,ON COUNTERING CHINA'S MALIGN INFLUENCE OPERATIONS IN THE UNITED STATES,intelligence community; executive order; scrutiny; important hearing; national security; trade commission; navajo; select; sources; district court,intelligence community,executive order,scrutiny,important hearing,national security,trade commission,navajo,select,sources,district court
118.0,"January 12, 2024",1.0,12,2024,DRESSING THE NATIONAL SECURITY IMPLICA- TIONS OF AI,intelligence community; constitution; moore; select; national security; oversight; ai; executive branch; navajo; rosen,intelligence community,constitution,moore,select,national security,oversight,ai,executive branch,navajo,rosen
118.0,na,,na,na,"NOMINATIONS OF LT. GEN. TIMOTHY D. HAUGH TO BE DIRECTOR, NATIONAL  SECURITY AGENCY, AND MICHAEL C. CASEY TO BE DIRECTOR, NATIONAL  COUNTERINTELLIGENCE AND SECURITY CENTER",national security; intelligence community; select; appointed; trade commission; www fcc; findings; sec; oversight; moore,national security,intelligence community,select,appointed,trade commission,www fcc,findings,sec,oversight,moore
118.0,na,,na,na,PERSONNEL VETTING MODERNIZATION,intelligence community; executive branch; documented; select; scrutiny; www fcc; readiness; pursuant notice; important hearing; answer department,intelligence community,executive branch,documented,select,scrutiny,www fcc,readiness,pursuant notice,important hearing,answer department
118.0,na,,na,na,THE 2023 ANNUAL THREAT ASSESSMENT OF THE  U.S. INTELLIGENCE COMMUNITY,intelligence community; national security; scrutiny; important hearing; 2025; president's budget; www fcc; rosen; department justice; cited,intelligence community,national security,scrutiny,important hearing,2025,president's budget,www fcc,rosen,department justice,cited
118.0,"September 17, 2024",9.0,17,2024,STREAMLINING AND COORDINATING SUPPORT  FOR RURAL SMALL BUSINESSES,small businesses; executive branch; idaho; rural america; entrepreneurs; Tax Cuts; consolidated; reservations; permit; stakeholder,small businesses,executive branch,idaho,rural america,entrepreneurs,Tax Cuts,consolidated,reservations,permit,stakeholder
118.0,"September 13, 2024",9.0,13,2024,SMALL BUSINESS AND THE CLEAN ENERGY,entrepreneurs; president's budget; clean energy; new hampshire; trade commission; little; valley bank; Tax Cuts; small businesses; executive branch,entrepreneurs,president's budget,clean energy,new hampshire,trade commission,little,valley bank,Tax Cuts,small businesses,executive branch
118.0,na,,na,na,ACCESSING RESOURCES TO EXPAND INTERNATIONAL SALES,small businesses; trade commission; idaho; executive branch; entrepreneurs; need make; irs; pilot program; llc; export controls,small businesses,trade commission,idaho,executive branch,entrepreneurs,need make,irs,pilot program,llc,export controls
118.0,"May 6, 2024",5.0,6,2024,TARGETED FEDERAL BUSINESS PROGRAMS TO ADDRESS ONGOING RACIAL DISCRIMINATION,entrepreneurs; district columbia; discrimination; executive branch; candidates; davis; enrolled; Tax Cuts; navajo nation; hispanic,entrepreneurs,district columbia,discrimination,executive branch,candidates,davis,enrolled,Tax Cuts,navajo nation,hispanic
118.0,"April 10, 2024",4.0,10,2024,THE ROLE OF CHILDCARE SMALL BUSINESSES IN SUPPORTING PARENTS AND THE AMERICAN WORKFORCE,small businesses; child tax; executive branch; american families; enrolled; trade commission; idaho; workforce development; entrepreneurs; minor,small businesses,child tax,executive branch,american families,enrolled,trade commission,idaho,workforce development,entrepreneurs,minor
118.0,"February 22, 1994",2.0,22,1994,OVERSIGHT OF THE U.S. SMALL BUSINESS ADMINISTRATION AND REVIEW OF THE PRESIDENT'S FISCAL YEAR 2025 BUDGET PROPOSAL,president's budget; entrepreneurs; executive branch; new hampshire; little; Tax Cuts; trade commission; proposal; USDA; valley bank,president's budget,entrepreneurs,executive branch,new hampshire,little,Tax Cuts,trade commission,proposal,USDA,valley bank
118.0,"January 24, 2024",1.0,24,2024,OPPORTUNITIES TO BUILD WEALTH AND KEEP JOBS IN LOCAL COMMUNITIES,entrepreneurs; tenure; new hampshire; executive branch; tax gap; commission; valley bank; candidates; bankruptcy; readiness,entrepreneurs,tenure,new hampshire,executive branch,tax gap,commission,valley bank,candidates,bankruptcy,readiness
118.0,"August 23, 2023",8.0,23,2023,UNDERSTANDING THE IMPORTANCE OF  RIGHTSIZING REGULATIONS FOR SMALL BUSINESSES,small businesses; constitution; regulations; executive branch; idaho; capabilities; trade commission; private equity; patents; entrepreneurs,small businesses,constitution,regulations,executive branch,idaho,capabilities,trade commission,private equity,patents,entrepreneurs
118.0,"August 16, 2023",8.0,16,2023,PROMOTING A RESILIENT ECONOMY FOR HAWAII FARM BUSINESSES,entrepreneurs; USDA; idaho; tax gap; trade commission; executive branch; bankruptcy; valley bank; llc; small businesses,entrepreneurs,USDA,idaho,tax gap,trade commission,executive branch,bankruptcy,valley bank,llc,small businesses
118.0,na,,na,na,S. HRG. 118-114,small businesses; resiliency; prosperity; entrepreneurs; thrive; economic development; capabilities; enterprise; bankruptcy; sustainment,small businesses,resiliency,prosperity,entrepreneurs,thrive,economic development,capabilities,enterprise,bankruptcy,sustainment
118.0,na,,na,na,S. HRG. 118-113,small businesses; cybersecurity; patents; enterprise; security interests; entrepreneurs; trade commission; robocalls; www govinfo; audits,small businesses,cybersecurity,patents,enterprise,security interests,entrepreneurs,trade commission,robocalls,www govinfo,audits
118.0,"August 3, 2023",8.0,3,2023,UNDERSTANDING OPPORTUNITIES AND BARRIERS,entrepreneurs; tax gap; executive branch; new hampshire; pilot program; permit; capabilities; small businesses; workforce development; patents,entrepreneurs,tax gap,executive branch,new hampshire,pilot program,permit,capabilities,small businesses,workforce development,patents
118.0,"December 31, 2021",,31,2021,THE SMALL BUSINESS PERSPECTIVE,irs; tax gap; small businesses; president's budget; tax policy; leverage; bankruptcy; tax credit; income families; fiscal,irs,tax gap,small businesses,president's budget,tax policy,leverage,bankruptcy,tax credit,income families,fiscal
118.0,"April 26, 2023",4.0,26,2023,OVERSIGHT OF SBA'S IMPLEMENTATION OF FINAL RULES TO EXPAND ACCESS TO,entrepreneurs; executive order; regulations; bankruptcy; sba; idaho; llc; pilot program; commission; tax gap,entrepreneurs,executive order,regulations,bankruptcy,sba,idaho,llc,pilot program,commission,tax gap
118.0,"March 6, 2023",3.0,6,2023,OVERSIGHT OF THE U.S. SMALL BUSINESS ADMINISTRATION AND REVIEW OF THE  PRESIDENT'S FISCAL YEAR 2024 BUDGET PROPOSAL,president's budget; entrepreneurs; executive branch; little; irs; cramer; proposal; USDA; trade commission; illinois,president's budget,entrepreneurs,executive branch,little,irs,cramer,proposal,USDA,trade commission,illinois
118.0,"March 8, 2023",3.0,8,2023,NOMINATION OF DILAWAR SYED TO BE DEPUTY ADMINISTRATOR OF THE SMALL  BUSINESS ADMINISTRATION,entrepreneurs; nomination; irs; executive branch; little; trade commission; secretary blinken; pilot program; moore; llc,entrepreneurs,nomination,irs,executive branch,little,trade commission,secretary blinken,pilot program,moore,llc
118.0,"December 12, 2024",,12,2024,"EMPOWERING PEOPLE WITH DISABILITIES TO LIVE, WORK, LEARN, AND THRIVE",disability; older americans; appointments; www govinfo; access care; dementia; support efforts; general berger; reauthorization; hrsa,disability,older americans,appointments,www govinfo,access care,dementia,support efforts,general berger,reauthorization,hrsa
118.0,"September 19, 2024",9.0,19,2024,HOW SCAMMERS ARE STEALING FROM OLDER ADULTS,fraud; older americans; www govinfo; executive order; district court; medicare medicaid; bureau; taxpayers; documented; consumer protection,fraud,older americans,www govinfo,executive order,district court,medicare medicaid,bureau,taxpayers,documented,consumer protection
118.0,"August 7, 2024",8.0,7,2024,THE EFFECTS OF CAREGIVING ACROSS THE LIFESPAN,aging; term care; important hearing; presiding present; appointments; medicare medicaid; deficits; access care; older americans; health outcomes,aging,term care,important hearing,presiding present,appointments,medicare medicaid,deficits,access care,older americans,health outcomes
118.0,"July 11, 2024",7.0,11,2024,LOWERING COSTS AND EMPOWERING PATIENTS,care costs; forward hearing; older americans; FDA; appointments; Health Plans; access care; president's budget; medicare; patients,care costs,forward hearing,older americans,FDA,appointments,Health Plans,access care,president's budget,medicare,patients
118.0,na,,na,na,S. HRG.118-362,veterans; community care; seniors; Veterans Affairs; notes; general berger; nursing homes; whitehouse thank; served; human services,veterans,community care,seniors,Veterans Affairs,notes,general berger,nursing homes,whitehouse thank,served,human services
118.0,"June 5, 2024",6.0,5,2024,FOR VETERANS AND THEIR CAREGIVERS,Veterans Affairs; seniors; general berger; doi org; access care; letter record; amended; hrsa; readiness; presiding present,Veterans Affairs,seniors,general berger,doi org,access care,letter record,amended,hrsa,readiness,presiding present
118.0,"May 23, 2024",5.0,23,2024,THE LOCAL IMPACT OF THE LAW AND THE UPCOMING REAUTHORIZATION,older americans; reauthorization; legislation; access care; executive order; aging; seniors; forward hearing; social security; 2026,older americans,reauthorization,legislation,access care,executive order,aging,seniors,forward hearing,social security,2026
118.0,"April 16, 2024",4.0,16,2024,ADDRESSING SHORTAGES AND IMPROVING THE PROFESSION,care workforce; forward hearing; older americans; president's budget; appointments; term care; medicare; labor pensions; readiness; Veterans Affairs,care workforce,forward hearing,older americans,president's budget,appointments,term care,medicare,labor pensions,readiness,Veterans Affairs
118.0,"March 20, 2024",3.0,20,2024,KEEPING OUR PROMISE TO OLDER,social security; seniors; disability; www govinfo; access care; medicare medicaid; executive order; hrsa; older americans; security council,social security,seniors,disability,www govinfo,access care,medicare medicaid,executive order,hrsa,older americans,security council
118.0,"February 29, 2024",2.0,29,2024,PEOPLE WITH DISABILITIES TO THRIVE IN CAREERS AND THE WORKPLACE,disability; seniors; important hearing; governmental affairs; hrsa; access care; readiness; tenure; assessments; eligibility,disability,seniors,important hearing,governmental affairs,hrsa,access care,readiness,tenure,assessments,eligibility
118.0,"February 23, 2024",2.0,23,2024,CHALLENGES AND OPPORTUNITIES WITH ENROLLMENT,medicare; seniors; enrollment; forward hearing; access care; medicare advantage; Health Plans; medicare medicaid; hrsa; term care,medicare,seniors,enrollment,forward hearing,access care,medicare advantage,Health Plans,medicare medicaid,hrsa,term care
118.0,"January 25, 2024",1.0,25,2024,UNDERSTANDING LONG-TERM CARE OPTIONS FOR OLDER ADULTS,assisted living; www govinfo; seniors; important hearing; Veterans Affairs; appointments; access care; executive order; supplemental; doi org,assisted living,www govinfo,seniors,important hearing,Veterans Affairs,appointments,access care,executive order,supplemental,doi org
118.0,"December 14, 2023",,14,2023,SUBSTANCE USE TRENDS AMONG OLDER ADULTS,older adults; substance use; FDA; important hearing; term care; partisan; aging; developments; community health; constituents,older adults,substance use,FDA,important hearing,term care,partisan,aging,developments,community health,constituents
118.0,"November 16, 2023",11.0,16,2023,ARE USING ARTIFICIAL INTELLIGENCE AND HOW WE CAN FIGHT BACK,scams; older americans; www govinfo; intelligence community; medicaid; letter record; security interests; patents; executive order; agencies,scams,older americans,www govinfo,intelligence community,medicaid,letter record,security interests,patents,executive order,agencies
118.0,"November 10, 2023",11.0,10,2023,"ACCESS TO CARE, SERVICES, AND ECONOMIC OPPORTUNITY",Veterans Affairs; older americans; access care; president's budget; labor pensions; www govinfo; readiness; executive order; hrsa; tenure,Veterans Affairs,older americans,access care,president's budget,labor pensions,www govinfo,readiness,executive order,hrsa,tenure
118.0,"October 26, 2023",10.0,26,2023,"THERAPIES FOR PEOPLE WITH RARE, PROGRESSIVE, AND SERIOUS DISEASES",patients; older americans; FDA; alzheimer; medicaid; 19 pandemic; reauthorization; disability; public health; forward hearing,patients,older americans,FDA,alzheimer,medicaid,19 pandemic,reauthorization,disability,public health,forward hearing
118.0,"October 16, 2023",10.0,16,2023,ACCESSING PAYMENTS AND PRESERVING THE PROGRAM FOR FUTURE GENERATIONS,social security; older americans; www govinfo; access care; pensions; medicare medicaid; executive order; security interests; 2021 https; hrsa,social security,older americans,www govinfo,access care,pensions,medicare medicaid,executive order,security interests,2021 https,hrsa
118.0,"September 21, 2023",9.0,21,2023,"ENSURING ACCESSIBLE GOVERNMENT TECHNOLOGY FOR PEOPLE WITH DISABILITIES, OLDER ADULTS, AND VETERANS",seniors; Veterans Affairs; disability; access care; www govinfo; executive order; readiness; legislative; reauthorization; thank chair,seniors,Veterans Affairs,disability,access care,www govinfo,executive order,readiness,legislative,reauthorization,thank chair
118.0,"August 22, 2023",8.0,22,2023,ECONOMIC CHALLENGES AND OPPORTUNITIES FOR OLDER AMERICANS,older americans; president's budget; forward hearing; term care; doi org; partisan; disability; developments; seniors; secretary blinken,older americans,president's budget,forward hearing,term care,doi org,partisan,disability,developments,seniors,secretary blinken
118.0,"July 20, 2023",7.0,20,2023,ACCESSIBILITY AND AFFORDABILITY FOR OLDER ADULTS AND PEOPLE WITH DISABILITIES,disability; older americans; affordability; access care; accessibility; district court; taxpayer; whitehouse thank; assessments; income housing,disability,older americans,affordability,access care,accessibility,district court,taxpayer,whitehouse thank,assessments,income housing
118.0,"June 15, 2023",6.0,15,2023,PLANNING FOR OLDER AMERICANS AND PEOPLE WITH DISABILITIES IN ALL PHASES OF EMERGENCIES,emergencies; older americans; disability; executive branch; 19 pandemic; forward hearing; term care; doi org; homeland security; support efforts,emergencies,older americans,disability,executive branch,19 pandemic,forward hearing,term care,doi org,homeland security,support efforts
118.0,"May 18, 2023",5.0,18,2023,"NURSING HOME INSPECTION SYSTEM AND THE NEED TO IMPROVE OVERSIGHT, TRANSPARENCY, AND ACCOUNTABILITY",seniors; oversight; access care; state department; nursing homes; readiness; hrsa; appointments; executive branch; journal,seniors,oversight,access care,state department,nursing homes,readiness,hrsa,appointments,executive branch,journal
118.0,"April 20, 2023",4.0,20,2023,BARRIERS AND BUILDING ECONOMIC RESILIENCE FOR OLDER WORKERS,older americans; president's budget; labor pensions; legislation; resiliency; hrsa; access care; www govinfo; decades; seniors,older americans,president's budget,labor pensions,legislation,resiliency,hrsa,access care,www govinfo,decades,seniors
118.0,"March 30, 2023",3.0,30,2023,PROTECTION AND EMPOWERMENT,constitution; seniors; forward hearing; Veterans Affairs; www govinfo; presiding present; access care; general counsel; reauthorization; concerns,constitution,seniors,forward hearing,Veterans Affairs,www govinfo,presiding present,access care,general counsel,reauthorization,concerns
118.0,"March 9, 2023",3.0,9,2023,"UPLIFTING FAMILIES, WORKERS,",seniors; access care; executive order; Veterans Affairs; appointments; support efforts; www govinfo; important hearing; older americans; term care,seniors,access care,executive order,Veterans Affairs,appointments,support efforts,www govinfo,important hearing,older americans,term care
118.0,"September 18, 2024",9.0,18,2024,CURRENT AND FUTURE VA BUDGET CHALLENGES,Veterans Affairs; president's budget; Veterans Affairs; legislative; pursuant notice; veterans; filed; deputy secretary; valley bank; appropriations,Veterans Affairs,president's budget,Veterans Affairs,legislative,pursuant notice,veterans,filed,deputy secretary,valley bank,appropriations
118.0,na,,na,na,S. HRG.118-362,veterans; community care; seniors; Veterans Affairs; notes; general berger; nursing homes; whitehouse thank; served; human services,veterans,community care,seniors,Veterans Affairs,notes,general berger,nursing homes,whitehouse thank,served,human services
118.0,"May 15, 2024",5.0,15,2024,ACCESS NO MATTER WHERE THEY LIVE,Veterans Affairs; reauthorization; Health Plans; idaho; forward hearing; Veterans Affairs; hrsa; access care; veterans; md,Veterans Affairs,reauthorization,Health Plans,idaho,forward hearing,Veterans Affairs,hrsa,access care,veterans,md
118.0,"May 1, 2024",5.0,1,2024,REVIEW OF THE FISCAL YEAR 2025 BUDGET AND 2026 ADVANCE APPROPRIATIONS REQUESTS FOR THE DEPARTMENT OF VETERANS AFFAIRS,Veterans Affairs; president's budget; fy 2024; appropriations; pursuant notice; executive branch; draft; navajo nation; durbin thank; filed,Veterans Affairs,president's budget,fy 2024,appropriations,pursuant notice,executive branch,draft,navajo nation,durbin thank,filed
118.0,"April 10, 2024",4.0,10,2024,CARING FOR ALL WHO HAVE,Veterans Affairs; Veterans Affairs; veterans; reauthorization; chairwoman; partisan; tribal lands; general garland; supreme court; valley bank,Veterans Affairs,Veterans Affairs,veterans,reauthorization,chairwoman,partisan,tribal lands,general garland,supreme court,valley bank
118.0,"March 7, 2024",3.0,7,2024,LEGISLATIVE PRESENTATION OF DISABLED AMERICAN VETERANS,Veterans Affairs; disability; reauthorization; forward hearing; veterans; navajo nation; thank chair; legislative; filed; access care,Veterans Affairs,disability,reauthorization,forward hearing,veterans,navajo nation,thank chair,legislative,filed,access care
118.0,"March 7, 
2024",3.0,7,2024,LEGISLATIVE PRESENTATION OF DISABLED AMERICAN VETERANS,Veterans Affairs; disability; forward hearing; hrg 118; amended; documented; status; thank chair; issued; general garland,Veterans Affairs,disability,forward hearing,hrg 118,amended,documented,status,thank chair,issued,general garland
118.0,"February 28, 2024",2.0,28,2024,HONORING AMERICA'S VETERANS AND THEIR FAMILIES AT VA CEMETERIES,Veterans Affairs; navajo nation; veterans; reauthorization; whitehouse thank; general garland; virginia; questions submitted; doi org; chair cantwell,Veterans Affairs,navajo nation,veterans,reauthorization,whitehouse thank,general garland,virginia,questions submitted,doi org,chair cantwell
118.0,"January 31, 2024",1.0,31,2024,"NEEDS OF SERVICEMEMBERS, VETERANS AND  THEIR FAMILIES",Veterans Affairs; reauthorization; veterans; navajo nation; hrsa; west virginia; whitehouse thank; partisan; support efforts; community health,Veterans Affairs,reauthorization,veterans,navajo nation,hrsa,west virginia,whitehouse thank,partisan,support efforts,community health
118.0,"January 26, 2024",1.0,26,2024,THE STATE OF VETERANS' LONG-TERM CARE IN MAINE,Veterans Affairs; new hampshire; Veterans Affairs; partisan; reauthorization; veterans; forward hearing; filed; thank chair; term care,Veterans Affairs,new hampshire,Veterans Affairs,partisan,reauthorization,veterans,forward hearing,filed,thank chair,term care
118.0,"November 15, 2023",11.0,15,2023,SUPPORTING OUR NATION'S  EMERGENCY PREPAREDNESS AND RESPONSE,Veterans Affairs; responses written; navajo nation; west virginia; readiness; whitehouse thank; reauthorization; veterans; partisan; humanitarian assistance,Veterans Affairs,responses written,navajo nation,west virginia,readiness,whitehouse thank,reauthorization,veterans,partisan,humanitarian assistance
118.0,"November 1, 2023",11.0,1,2023,AT THE DEPARTMENT OF VETERANS AFFAIRS,Veterans Affairs; navajo nation; reauthorization; partisan; documented; executive branch; forward hearing; veterans; thank chair; filed,Veterans Affairs,navajo nation,reauthorization,partisan,documented,executive branch,forward hearing,veterans,thank chair,filed
118.0,"October 25, 2023",10.0,25,2023,A CORNERSTONE OF QUALITY CARE AND BENEFITS FOR VETERANS,Veterans Affairs; legislative; Veterans Affairs; veterans; forward hearing; whitehouse thank; pursuant notice; hrsa; scrutiny; navajo nation,Veterans Affairs,legislative,Veterans Affairs,veterans,forward hearing,whitehouse thank,pursuant notice,hrsa,scrutiny,navajo nation
118.0,"September 20, 2023",9.0,20,2023,MEASURES FOR OUR NATION'S VETERANS,Veterans Affairs; veterans; navajo nation; reauthorization; west virginia; doi org; partisan; Health Plans; whitehouse thank; filed,Veterans Affairs,veterans,navajo nation,reauthorization,west virginia,doi org,partisan,Health Plans,whitehouse thank,filed
118.0,"July 26, 2023",7.0,26,2023,BEFORE THE,Veterans Affairs; pact act; reauthorization; executive branch; documented; tax code; pursuant notice; Veterans Affairs; doi org; durbin thank,Veterans Affairs,pact act,reauthorization,executive branch,documented,tax code,pursuant notice,Veterans Affairs,doi org,durbin thank
118.0,"July 12, 2023",7.0,12,2023,HEARING TO CONSIDER PENDING LEGISLATION,Veterans Affairs; forward hearing; pursuant notice; legislative; waiver; reauthorization; virginia; filed; executive order; navajo nation,Veterans Affairs,forward hearing,pursuant notice,legislative,waiver,reauthorization,virginia,filed,executive order,navajo nation
118.0,"June 21, 2023",6.0,21,2023,EXAMINING THE EFFECTIVENESS OF THE OFFICE OF INTEGRATED VETERAN CARE,Veterans Affairs; important hearing; effectiveness; pursuant notice; legislative; access care; general garland; questions record; navajo nation; whitehouse thank,Veterans Affairs,important hearing,effectiveness,pursuant notice,legislative,access care,general garland,questions record,navajo nation,whitehouse thank
118.0,"June 14, 2023",6.0,14,2023,IMPROVING SUBSTANCE USE DISORDER CARE FOR VETERANS IN RURAL AMERICA AND BEYOND,Veterans Affairs; substance use; rural health; access care; md; enrolled; navajo nation; partisan; readiness; department health,Veterans Affairs,substance use,rural health,access care,md,enrolled,navajo nation,partisan,readiness,department health
118.0,"June 7, 2023",6.0,7,2023,AN ABIDING COMMITMENT,Veterans Affairs; reauthorization; veterans; term care; whitehouse thank; forward hearing; partisan; navajo nation; filed; general garland,Veterans Affairs,reauthorization,veterans,term care,whitehouse thank,forward hearing,partisan,navajo nation,filed,general garland
118.0,"May 31, 2023",5.0,31,2023,"TO CONSIDER THE NOMINATION OF TANYA J. BRADSHER TO BE DEPUTY SECRETARY, DEPARTMENT OF VETERANS AFFAIRS",Veterans Affairs; deputy secretary; nomination; pursuant notice; virginia; waiver; general garland; durbin thank; executive branch; navajo nation,Veterans Affairs,deputy secretary,nomination,pursuant notice,virginia,waiver,general garland,durbin thank,executive branch,navajo nation
118.0,"May 17, 2023",5.0,17,2023,REVIEW OF THE FISCAL YEAR 2024 BUDGET AND 2025 ADVANCE APPROPRIATIONS REQUESTS FOR THE DEPARTMENT OF VETERANS AFFAIRS,Veterans Affairs; president's budget; appropriations; fy 2024; pursuant notice; executive branch; draft; west virginia; durbin thank; filed,Veterans Affairs,president's budget,appropriations,fy 2024,pursuant notice,executive branch,draft,west virginia,durbin thank,filed
118.0,"April 26, 2023",4.0,26,2023,HEARING TO CONSIDER PENDING LEGISLATION,Veterans Affairs; forward hearing; reauthorization; legislative; filed; navajo nation; west virginia; executive order; pursuant notice; waiver,Veterans Affairs,forward hearing,reauthorization,legislative,filed,navajo nation,west virginia,executive order,pursuant notice,waiver
118.0,"April 19, 2023",4.0,19,2023,PREVENTING FINANCIAL EXPLOITATION OF VETERANS AND THEIR BENEFITS,Veterans Affairs; consumer protection; president's budget; reauthorization; taxpayer; valley bank; veterans; hrsa; access care; filed,Veterans Affairs,consumer protection,president's budget,reauthorization,taxpayer,valley bank,veterans,hrsa,access care,filed
118.0,"March 22, 2023",3.0,22,2023,STRENGTHENING METHODS OF RECRUITMENT AND RETENTION FOR VA'S WORKFORCE,Veterans Affairs; recruitment; holding hearing; Veterans Affairs; veterans; reauthorization; executive branch; tenure; hrsa; task force,Veterans Affairs,recruitment,holding hearing,Veterans Affairs,veterans,reauthorization,executive branch,tenure,hrsa,task force
118.0,"March 15, 2023",3.0,15,2023,EXAMINING THE FUTURE PATH OF VA'S ELECTRONIC HEALTH RECORD MODERNIZATION PROGRAM,Veterans Affairs; questions record; Health Plans; Veterans Affairs; documented; filed; forward hearing; CDC; reauthorization; legislative,Veterans Affairs,questions record,Health Plans,Veterans Affairs,documented,filed,forward hearing,CDC,reauthorization,legislative
118.0,"March 8, 2023",3.0,8,2023,LEGISLATIVE PRESENTATION OF VETERANS OF  FOREIGN WARS OF THE UNITED STATES AND,Veterans Affairs; legislative; hrg 118; pursuant notice; veterans; tax code; defense authorization; navajo nation; whitehouse thank; doi org,Veterans Affairs,legislative,hrg 118,pursuant notice,veterans,tax code,defense authorization,navajo nation,whitehouse thank,doi org
118.0,"March 1, 2023",3.0,1,2023,LEGISLATIVE PRESENTATION OF THE,Veterans Affairs; doi org; legislative; pursuant notice; hrg 118; filed; defense authorization; honorable; veterans; navajo nation,Veterans Affairs,doi org,legislative,pursuant notice,hrg 118,filed,defense authorization,honorable,veterans,navajo nation
118.0,"February 16, 2023",2.0,16,2023,"TO CONSIDER THE NOMINATION OF JOSHUA D. JACOBS TO BE UNDER SECRETARY FOR BENEFITS, DEPARTMENT OF VETERANS AFFAIRS",Veterans Affairs; nominee; deputy secretary; pursuant notice; hrsa; filed; president's budget; davis; general garland; navajo nation,Veterans Affairs,nominee,deputy secretary,pursuant notice,hrsa,filed,president's budget,davis,general garland,navajo nation
